20240630_512_HMII.jpg, 212
20200530_512_HMII.jpg,0
20160322_512_HMII.jpg,20
20220326_512_HMII.jpg,61
20210803_512_HMII.jpg,17
20240621_512_HMII.jpg,150
20190730_512_HMII.jpg,0
20190422_512_HMII.jpg,0
20231018_512_HMII.jpg,66
20130923_512_HMII.jpg,72
20121211_512_HMII.jpg,47
20181204_512_HMII.jpg,0
20131126_512_HMII.jpg,37
20200112_512_HMII.jpg,0
20180909_512_HMII.jpg,14
20220220_512_HMII.jpg,48
20230905_512_HMII.jpg,115
20170412_512_HMII.jpg,22
20190525_512_HMII.jpg,0
20170604_512_HMII.jpg,25
20160114_512_HMII.jpg,41
20170114_512_HMII.jpg,31
20160704_512_HMII.jpg,0
20180601_512_HMII.jpg,22
20231114_512_HMII.jpg,60
20120412_512_HMII.jpg,58
20110515_512_HMII.jpg,57
20140821_512_HMII.jpg,120
20101219_512_HMII.jpg,0
20120918_512_HMII.jpg,64
20200214_512_HMII.jpg,0
20180808_512_HMII.jpg,0
20130321_512_HMII.jpg,49
20140623_512_HMII.jpg,77
20150627_512_HMII.jpg,21
20171209_512_HMII.jpg,0
20200727_512_HMII.jpg,11
20240606_512_HMII.jpg,158
20180623_512_HMII.jpg,37
20220914_512_HMII.jpg,91
20170801_512_HMII.jpg,13
20240527_512_HMII.jpg,144
20160310_512_HMII.jpg,80
20111009_512_HMII.jpg,79
20240411_512_HMII.jpg,91
20131211_512_HMII.jpg,176
20240101_512_HMII.jpg,55
20200726_512_HMII.jpg,11
20161112_512_HMII.jpg,12
20130914_512_HMII.jpg,25
20170124_512_HMII.jpg,43
20121023_512_HMII.jpg,92
20190516_512_HMII.jpg,13
20170313_512_HMII.jpg,0
20230225_512_HMII.jpg,127
20120627_512_HMII.jpg,70
20220513_512_HMII.jpg,125
20130402_512_HMII.jpg,98
20190329_512_HMII.jpg,0
20130219_512_HMII.jpg,114
20171104_512_HMII.jpg,0
20170623_512_HMII.jpg,23
20110701_512_HMII.jpg,56
20220724_512_HMII.jpg,80
20101025_512_HMII.jpg,67
20220905_512_HMII.jpg,83
20100917_512_HMII.jpg,53
20190822_512_HMII.jpg,0
20110730_512_HMII.jpg,91
20120416_512_HMII.jpg,61
20150908_512_HMII.jpg,42
20130222_512_HMII.jpg,67
20160910_512_HMII.jpg,78
20111231_512_HMII.jpg,93
20141229_512_HMII.jpg,94
20150822_512_HMII.jpg,71
20170828_512_HMII.jpg,23
20220926_512_HMII.jpg,132
20120516_512_HMII.jpg,137
20210907_512_HMII.jpg,84
20120202_512_HMII.jpg,59
20140210_512_HMII.jpg,137
20110619_512_HMII.jpg,47
20111204_512_HMII.jpg,162
20200217_512_HMII.jpg,0
20161230_512_HMII.jpg,11
20150720_512_HMII.jpg,36
20190621_512_HMII.jpg,0
20210505_512_HMII.jpg,0
20131010_512_HMII.jpg,120
20150617_512_HMII.jpg,80
20170101_512_HMII.jpg,12
20121212_512_HMII.jpg,67
20150406_512_HMII.jpg,53
20240425_512_HMII.jpg,211
20170521_512_HMII.jpg,37
20201007_512_HMII.jpg,0
20230607_512_HMII.jpg,198
20151213_512_HMII.jpg,81
20190814_512_HMII.jpg,0
20160116_512_HMII.jpg,44
20140423_512_HMII.jpg,85
20231212_512_HMII.jpg,96
20160623_512_HMII.jpg,12
20230305_512_HMII.jpg,151
20130702_512_HMII.jpg,112
20240206_512_HMII.jpg,159
20141203_512_HMII.jpg,115
20110928_512_HMII.jpg,109
20101208_512_HMII.jpg,31
20220610_512_HMII.jpg,46
20180806_512_HMII.jpg,0
20180611_512_HMII.jpg,0
20210307_512_HMII.jpg,21
20120510_512_HMII.jpg,96
20171122_512_HMII.jpg,0
20180307_512_HMII.jpg,0
20171230_512_HMII.jpg,0
20130807_512_HMII.jpg,86
20110323_512_HMII.jpg,42
20230210_512_HMII.jpg,163
20160317_512_HMII.jpg,72
20200411_512_HMII.jpg,0
20220808_512_HMII.jpg,80
20110208_512_HMII.jpg,64
20181012_512_HMII.jpg,13
20151210_512_HMII.jpg,82
20160902_512_HMII.jpg,67
20140922_512_HMII.jpg,101
20180414_512_HMII.jpg,11
20110611_512_HMII.jpg,23
20130622_512_HMII.jpg,137
20120312_512_HMII.jpg,116
20191125_512_HMII.jpg,0
20200927_512_HMII.jpg,0
20110901_512_HMII.jpg,131
20130308_512_HMII.jpg,73
20130313_512_HMII.jpg,110
20191127_512_HMII.jpg,0
20150531_512_HMII.jpg,29
20130809_512_HMII.jpg,64
20160415_512_HMII.jpg,33
20150417_512_HMII.jpg,117
20121221_512_HMII.jpg,60
20120806_512_HMII.jpg,98
20220528_512_HMII.jpg,42
20161027_512_HMII.jpg,25
20240218_512_HMII.jpg,100
20130508_512_HMII.jpg,122
20181022_512_HMII.jpg,0
20220313_512_HMII.jpg,85
20150512_512_HMII.jpg,165
20120319_512_HMII.jpg,74
20230315_512_HMII.jpg,107
20150811_512_HMII.jpg,78
20190619_512_HMII.jpg,0
20111107_512_HMII.jpg,173
20180329_512_HMII.jpg,0
20131125_512_HMII.jpg,40
20230507_512_HMII.jpg,133
20131220_512_HMII.jpg,143
20230906_512_HMII.jpg,120
20151202_512_HMII.jpg,49
20170311_512_HMII.jpg,0
20200825_512_HMII.jpg,0
20120129_512_HMII.jpg,57
20170804_512_HMII.jpg,14
20170320_512_HMII.jpg,0
20110925_512_HMII.jpg,122
20230601_512_HMII.jpg,153
20131122_512_HMII.jpg,67
20100816_512_HMII.jpg,51
20110103_512_HMII.jpg,47
20190918_512_HMII.jpg,0
20200304_512_HMII.jpg,0
20150717_512_HMII.jpg,50
20201212_512_HMII.jpg,11
20191206_512_HMII.jpg,0
20181028_512_HMII.jpg,0
20211022_512_HMII.jpg,36
20240124_512_HMII.jpg,124
20190725_512_HMII.jpg,0
20130601_512_HMII.jpg,60
20121018_512_HMII.jpg,109
20221018_512_HMII.jpg,50
20230621_512_HMII.jpg,217
20190306_512_HMII.jpg,18
20220508_512_HMII.jpg,80
20200403_512_HMII.jpg,13
20211203_512_HMII.jpg,29
20191223_512_HMII.jpg,0
20110908_512_HMII.jpg,54
20210902_512_HMII.jpg,33
20190307_512_HMII.jpg,16
20180523_512_HMII.jpg,27
20221021_512_HMII.jpg,57
20220206_512_HMII.jpg,78
20150929_512_HMII.jpg,120
20240603_512_HMII.jpg,213
20230912_512_HMII.jpg,145
20221223_512_HMII.jpg,85
20160727_512_HMII.jpg,0
20120120_512_HMII.jpg,102
20110502_512_HMII.jpg,55
20110404_512_HMII.jpg,67
20230312_512_HMII.jpg,136
20120226_512_HMII.jpg,48
20180225_512_HMII.jpg,0
20120617_512_HMII.jpg,88
20220629_512_HMII.jpg,37
20170616_512_HMII.jpg,30
20170822_512_HMII.jpg,63
20211229_512_HMII.jpg,87
20121026_512_HMII.jpg,78
20210729_512_HMII.jpg,3
20150426_512_HMII.jpg,65
20180507_512_HMII.jpg,14
20230318_512_HMII.jpg,44
20200629_512_HMII.jpg,0
20110806_512_HMII.jpg,79
20170716_512_HMII.jpg,21
20210226_512_HMII.jpg,18
20191219_512_HMII.jpg,0
20100919_512_HMII.jpg,49
20211231_512_HMII.jpg,60
20181216_512_HMII.jpg,0
20120831_512_HMII.jpg,150
20231024_512_HMII.jpg,39
20140205_512_HMII.jpg,167
20130216_512_HMII.jpg,40
20151011_512_HMII.jpg,30
20230206_512_HMII.jpg,111
20201207_512_HMII.jpg,21
20200306_512_HMII.jpg,0
20130326_512_HMII.jpg,30
20211125_512_HMII.jpg,26
20240321_512_HMII.jpg,159
20211114_512_HMII.jpg,20
20170826_512_HMII.jpg,48
20240421_512_HMII.jpg,233
20120315_512_HMII.jpg,88
20161103_512_HMII.jpg,27
20201225_512_HMII.jpg,31
20140518_512_HMII.jpg,138
20230915_512_HMII.jpg,109
20111216_512_HMII.jpg,75
20230710_512_HMII.jpg,191
20231111_512_HMII.jpg,81
20140209_512_HMII.jpg,147
20130812_512_HMII.jpg,90
20200203_512_HMII.jpg,0
20151209_512_HMII.jpg,78
20110907_512_HMII.jpg,72
20240617_512_HMII.jpg,140
20180718_512_HMII.jpg,0
20230818_512_HMII.jpg,124
20170301_512_HMII.jpg,59
20180721_512_HMII.jpg,12
20131206_512_HMII.jpg,98
20181001_512_HMII.jpg,17
20210423_512_HMII.jpg,37
20221130_512_HMII.jpg,28
20220921_512_HMII.jpg,84
20220821_512_HMII.jpg,58
20120724_512_HMII.jpg,71
20190825_512_HMII.jpg,0
20190808_512_HMII.jpg,0
20230714_512_HMII.jpg,152
20240103_512_HMII.jpg,59
20161130_512_HMII.jpg,51
20150127_512_HMII.jpg,126
20211002_512_HMII.jpg,34
20161022_512_HMII.jpg,27
20151221_512_HMII.jpg,18
20210710_512_HMII.jpg,15
20190604_512_HMII.jpg,0
20220424_512_HMII.jpg,129
20140105_512_HMII.jpg,134
20110621_512_HMII.jpg,50
20190917_512_HMII.jpg,0
20190506_512_HMII.jpg,16
20130902_512_HMII.jpg,90
20120809_512_HMII.jpg,158
20190530_512_HMII.jpg,0
20130316_512_HMII.jpg,110
20200615_512_HMII.jpg,8
20191129_512_HMII.jpg,0
20121012_512_HMII.jpg,83
20121229_512_HMII.jpg,56
20200609_512_HMII.jpg,14
20131027_512_HMII.jpg,148
20170418_512_HMII.jpg,23
20210822_512_HMII.jpg,19
20190523_512_HMII.jpg,0
20210807_512_HMII.jpg,0
20140404_512_HMII.jpg,158
20120817_512_HMII.jpg,50
20130205_512_HMII.jpg,42
20240517_512_HMII.jpg,203
20220402_512_HMII.jpg,121
20181223_512_HMII.jpg,0
20161210_512_HMII.jpg,0
20150317_512_HMII.jpg,38
20101129_512_HMII.jpg,29
20190721_512_HMII.jpg,0
20190823_512_HMII.jpg,0
20161204_512_HMII.jpg,38
20220308_512_HMII.jpg,91
20220526_512_HMII.jpg,81
20200120_512_HMII.jpg,0
20170417_512_HMII.jpg,0
20110916_512_HMII.jpg,191
20150409_512_HMII.jpg,47
20130324_512_HMII.jpg,41
20140414_512_HMII.jpg,105
20240315_512_HMII.jpg,52
20190926_512_HMII.jpg,0
20171213_512_HMII.jpg,0
20210130_512_HMII.jpg,0
20121223_512_HMII.jpg,79
20181230_512_HMII.jpg,0
20180216_512_HMII.jpg,12
20160401_512_HMII.jpg,12
20140920_512_HMII.jpg,80
20140304_512_HMII.jpg,141
20190321_512_HMII.jpg,38
20230811_512_HMII.jpg,105
20230510_512_HMII.jpg,165
20110319_512_HMII.jpg,32
20220120_512_HMII.jpg,57
20141020_512_HMII.jpg,110
20130121_512_HMII.jpg,37
20110412_512_HMII.jpg,92
20170130_512_HMII.jpg,35
20140730_512_HMII.jpg,122
20130427_512_HMII.jpg,107
20160314_512_HMII.jpg,70
20200115_512_HMII.jpg,0
20180312_512_HMII.jpg,0
20110109_512_HMII.jpg,32
20151103_512_HMII.jpg,82
20230911_512_HMII.jpg,190
20210308_512_HMII.jpg,14
20180114_512_HMII.jpg,12
20120306_512_HMII.jpg,115
20230220_512_HMII.jpg,112
20170405_512_HMII.jpg,50
20240215_512_HMII.jpg,150
20120706_512_HMII.jpg,132
20200429_512_HMII.jpg,24
20120324_512_HMII.jpg,94
20100903_512_HMII.jpg,49
20190731_512_HMII.jpg,0
20111028_512_HMII.jpg,101
20240531_512_HMII.jpg,156
20141221_512_HMII.jpg,137
20210118_512_HMII.jpg,12
20200701_512_HMII.jpg,4
20160129_512_HMII.jpg,64
20170815_512_HMII.jpg,22
20200527_512_HMII.jpg,0
20180830_512_HMII.jpg,0
20201127_512_HMII.jpg,75
20230427_512_HMII.jpg,109
20230214_512_HMII.jpg,159
20111227_512_HMII.jpg,114
20130304_512_HMII.jpg,88
20200817_512_HMII.jpg,0
20170803_512_HMII.jpg,13
20111025_512_HMII.jpg,110
20120628_512_HMII.jpg,87
20190217_512_HMII.jpg,0
20150828_512_HMII.jpg,44
20160413_512_HMII.jpg,48
20120310_512_HMII.jpg,104
20210425_512_HMII.jpg,55
20151022_512_HMII.jpg,107
20200319_512_HMII.jpg,0
20230108_512_HMII.jpg,135
20231020_512_HMII.jpg,67
20160108_512_HMII.jpg,86
20150310_512_HMII.jpg,27
20210725_512_HMII.jpg,36
20160418_512_HMII.jpg,31
20240429_512_HMII.jpg,99
20231101_512_HMII.jpg,115
20190320_512_HMII.jpg,32
20211217_512_HMII.jpg,111
20191112_512_HMII.jpg,0
20220713_512_HMII.jpg,116
20190301_512_HMII.jpg,0
20210701_512_HMII.jpg,57
20200426_512_HMII.jpg,13
20210228_512_HMII.jpg,13
20200809_512_HMII.jpg,13
20150425_512_HMII.jpg,69
20240420_512_HMII.jpg,232
20150723_512_HMII.jpg,29
20211007_512_HMII.jpg,16
20150702_512_HMII.jpg,75
20120301_512_HMII.jpg,24
20200711_512_HMII.jpg,0
20221206_512_HMII.jpg,119
20170827_512_HMII.jpg,38
20110221_512_HMII.jpg,47
20240513_512_HMII.jpg,244
20141026_512_HMII.jpg,132
20221031_512_HMII.jpg,63
20121204_512_HMII.jpg,54
20230112_512_HMII.jpg,171
20230424_512_HMII.jpg,73
20220730_512_HMII.jpg,42
20210924_512_HMII.jpg,60
20180820_512_HMII.jpg,16
20121019_512_HMII.jpg,95
20130314_512_HMII.jpg,123
20210416_512_HMII.jpg,35
20200106_512_HMII.jpg,7
20230311_512_HMII.jpg,149
20130311_512_HMII.jpg,101
20220503_512_HMII.jpg,76
20170305_512_HMII.jpg,14
20151029_512_HMII.jpg,93
20240130_512_HMII.jpg,74
20220726_512_HMII.jpg,91
20160226_512_HMII.jpg,48
20170531_512_HMII.jpg,0
20181018_512_HMII.jpg,0
20110128_512_HMII.jpg,13
20151010_512_HMII.jpg,13
20210713_512_HMII.jpg,21
20221102_512_HMII.jpg,98
20160104_512_HMII.jpg,70
20220309_512_HMII.jpg,89
20220517_512_HMII.jpg,146
20111121_512_HMII.jpg,127
20140418_512_HMII.jpg,178
20231108_512_HMII.jpg,113
20150221_512_HMII.jpg,58
20171217_512_HMII.jpg,0
20180304_512_HMII.jpg,0
20120128_512_HMII.jpg,45
20180202_512_HMII.jpg,0
20200404_512_HMII.jpg,13
20130803_512_HMII.jpg,107
20230508_512_HMII.jpg,128
20210217_512_HMII.jpg,0
20140429_512_HMII.jpg,77
20201129_512_HMII.jpg,96
20200613_512_HMII.jpg,11
20210401_512_HMII.jpg,0
20130124_512_HMII.jpg,55
20220413_512_HMII.jpg,33
20240328_512_HMII.jpg,98
20240612_512_HMII.jpg,124
20220823_512_HMII.jpg,50
20210127_512_HMII.jpg,20
20121231_512_HMII.jpg,89
20190208_512_HMII.jpg,0
20200628_512_HMII.jpg,0
20181129_512_HMII.jpg,0
20220210_512_HMII.jpg,72
20130829_512_HMII.jpg,53
20140315_512_HMII.jpg,111
20150213_512_HMII.jpg,62
20230623_512_HMII.jpg,228
20140324_512_HMII.jpg,137
20120607_512_HMII.jpg,127
20101201_512_HMII.jpg,32
20120526_512_HMII.jpg,80
20170830_512_HMII.jpg,51
20231103_512_HMII.jpg,121
20150724_512_HMII.jpg,31
20120905_512_HMII.jpg,122
20230104_512_HMII.jpg,96
20190707_512_HMII.jpg,9
20201206_512_HMII.jpg,25
20131116_512_HMII.jpg,183
20120401_512_HMII.jpg,65
20220525_512_HMII.jpg,106
20120328_512_HMII.jpg,88
20140216_512_HMII.jpg,103
20141222_512_HMII.jpg,118
20171023_512_HMII.jpg,23
20150525_512_HMII.jpg,67
20130417_512_HMII.jpg,95
20220608_512_HMII.jpg,3
20220731_512_HMII.jpg,34
20240201_512_HMII.jpg,117
20110102_512_HMII.jpg,48
20160215_512_HMII.jpg,50
20210731_512_HMII.jpg,3
20121228_512_HMII.jpg,53
20210705_512_HMII.jpg,45
20150731_512_HMII.jpg,69
20191015_512_HMII.jpg,0
20221212_512_HMII.jpg,157
20110106_512_HMII.jpg,28
20220426_512_HMII.jpg,132
20170104_512_HMII.jpg,0
20201209_512_HMII.jpg,14
20201105_512_HMII.jpg,31
20150727_512_HMII.jpg,51
20210108_512_HMII.jpg,0
20240312_512_HMII.jpg,83
20170220_512_HMII.jpg,32
20141219_512_HMII.jpg,175
20150325_512_HMII.jpg,99
20120709_512_HMII.jpg,122
20210707_512_HMII.jpg,20
20210606_512_HMII.jpg,38
20130426_512_HMII.jpg,105
20181029_512_HMII.jpg,0
20220217_512_HMII.jpg,80
20240509_512_HMII.jpg,181
20190903_512_HMII.jpg,5
20221114_512_HMII.jpg,96
20210531_512_HMII.jpg,30
20160209_512_HMII.jpg,84
20200721_512_HMII.jpg,6
20230410_512_HMII.jpg,90
20131015_512_HMII.jpg,128
20131219_512_HMII.jpg,140
20230109_512_HMII.jpg,148
20220320_512_HMII.jpg,52
20191209_512_HMII.jpg,0
20151028_512_HMII.jpg,81
20171009_512_HMII.jpg,0
20110124_512_HMII.jpg,29
20121201_512_HMII.jpg,53
20200725_512_HMII.jpg,11
20120726_512_HMII.jpg,86
20240301_512_HMII.jpg,117
20170708_512_HMII.jpg,31
20210808_512_HMII.jpg,0
20110206_512_HMII.jpg,18
20200201_512_HMII.jpg,6
20240216_512_HMII.jpg,139
20110929_512_HMII.jpg,128
20110222_512_HMII.jpg,38
20160217_512_HMII.jpg,38
20200316_512_HMII.jpg,0
20200522_512_HMII.jpg,0
20230131_512_HMII.jpg,80
20120614_512_HMII.jpg,123
20160325_512_HMII.jpg,34
20170629_512_HMII.jpg,12
20141002_512_HMII.jpg,126
20231021_512_HMII.jpg,68
20140616_512_HMII.jpg,84
20200922_512_HMII.jpg,0
20240228_512_HMII.jpg,130
20200326_512_HMII.jpg,0
20180415_512_HMII.jpg,13
20161205_512_HMII.jpg,34
20110823_512_HMII.jpg,98
20221028_512_HMII.jpg,89
20180103_512_HMII.jpg,0
20220315_512_HMII.jpg,75
20220310_512_HMII.jpg,94
20221019_512_HMII.jpg,49
20170522_512_HMII.jpg,50
20110719_512_HMII.jpg,109
20130226_512_HMII.jpg,53
20160618_512_HMII.jpg,47
20230815_512_HMII.jpg,122
20170713_512_HMII.jpg,59
20191006_512_HMII.jpg,0
20230928_512_HMII.jpg,116
20190403_512_HMII.jpg,19
20190831_512_HMII.jpg,0
20130517_512_HMII.jpg,183
20161005_512_HMII.jpg,41
20150202_512_HMII.jpg,93
20111125_512_HMII.jpg,158
20141008_512_HMII.jpg,74
20120101_512_HMII.jpg,71
20180220_512_HMII.jpg,0
20110425_512_HMII.jpg,56
20110426_512_HMII.jpg,74
20150121_512_HMII.jpg,43
20230904_512_HMII.jpg,102
20220607_512_HMII.jpg,7
20151031_512_HMII.jpg,86
20180331_512_HMII.jpg,13
20190205_512_HMII.jpg,0
20220215_512_HMII.jpg,81
20161203_512_HMII.jpg,56
20210716_512_HMII.jpg,35
20180117_512_HMII.jpg,16
20171019_512_HMII.jpg,0
20130818_512_HMII.jpg,110
20180805_512_HMII.jpg,0
20151021_512_HMII.jpg,89
20201104_512_HMII.jpg,26
20180101_512_HMII.jpg,0
20230618_512_HMII.jpg,160
20160604_512_HMII.jpg,10
20150827_512_HMII.jpg,55
20160520_512_HMII.jpg,46
20191024_512_HMII.jpg,0
20190828_512_HMII.jpg,0
20171129_512_HMII.jpg,13
20200222_512_HMII.jpg,0
20130612_512_HMII.jpg,29
20111113_512_HMII.jpg,162
20200610_512_HMII.jpg,12
20140923_512_HMII.jpg,119
20200425_512_HMII.jpg,6
20150830_512_HMII.jpg,56
20131103_512_HMII.jpg,123
20240105_512_HMII.jpg,119
20170112_512_HMII.jpg,11
20240515_512_HMII.jpg,208
20170410_512_HMII.jpg,14
20200827_512_HMII.jpg,0
20101231_512_HMII.jpg,42
20131009_512_HMII.jpg,106
20190628_512_HMII.jpg,0
20210722_512_HMII.jpg,76
20200216_512_HMII.jpg,0
20200423_512_HMII.jpg,0
20160430_512_HMII.jpg,89
20180208_512_HMII.jpg,22
20190304_512_HMII.jpg,0
20191025_512_HMII.jpg,0
20220207_512_HMII.jpg,76
20120827_512_HMII.jpg,75
20211129_512_HMII.jpg,44
20170806_512_HMII.jpg,13
20180112_512_HMII.jpg,0
20100827_512_HMII.jpg,12
20160223_512_HMII.jpg,37
20140724_512_HMII.jpg,62
20141119_512_HMII.jpg,65
20190915_512_HMII.jpg,0
20150113_512_HMII.jpg,101
20120206_512_HMII.jpg,42
20191231_512_HMII.jpg,0
20111215_512_HMII.jpg,57
20140503_512_HMII.jpg,123
20110714_512_HMII.jpg,68
20160102_512_HMII.jpg,40
20130110_512_HMII.jpg,148
20160913_512_HMII.jpg,39
20230713_512_HMII.jpg,152
20110627_512_HMII.jpg,15
20220318_512_HMII.jpg,35
20120529_512_HMII.jpg,78
20170530_512_HMII.jpg,0
20230825_512_HMII.jpg,90
20200919_512_HMII.jpg,0
20140221_512_HMII.jpg,136
20220430_512_HMII.jpg,50
20180829_512_HMII.jpg,0
20161214_512_HMII.jpg,23
20131007_512_HMII.jpg,73
20171027_512_HMII.jpg,23
20200917_512_HMII.jpg,0
20240610_512_HMII.jpg,124
20210313_512_HMII.jpg,11
20210506_512_HMII.jpg,0
20190327_512_HMII.jpg,0
20160809_512_HMII.jpg,72
20230415_512_HMII.jpg,177
20191105_512_HMII.jpg,0
20110122_512_HMII.jpg,32
20120126_512_HMII.jpg,49
20101002_512_HMII.jpg,27
20110114_512_HMII.jpg,0
20110826_512_HMII.jpg,86
20170331_512_HMII.jpg,66
20160807_512_HMII.jpg,51
20131012_512_HMII.jpg,112
20200324_512_HMII.jpg,0
20221104_512_HMII.jpg,103
20231208_512_HMII.jpg,113
20150223_512_HMII.jpg,46
20181004_512_HMII.jpg,11
20130116_512_HMII.jpg,90
20110622_512_HMII.jpg,50
20200421_512_HMII.jpg,0
20141116_512_HMII.jpg,103
20150208_512_HMII.jpg,84
20150906_512_HMII.jpg,43
20230125_512_HMII.jpg,137
20140409_512_HMII.jpg,94
20151125_512_HMII.jpg,61
20130711_512_HMII.jpg,79
20220810_512_HMII.jpg,63
20200109_512_HMII.jpg,15
20201223_512_HMII.jpg,24
20110112_512_HMII.jpg,22
20131214_512_HMII.jpg,135
20141127_512_HMII.jpg,152
20150308_512_HMII.jpg,28
20150801_512_HMII.jpg,64
20190326_512_HMII.jpg,0
20180730_512_HMII.jpg,0
20180815_512_HMII.jpg,13
20161208_512_HMII.jpg,14
20160417_512_HMII.jpg,36
20110318_512_HMII.jpg,28
20231127_512_HMII.jpg,158
20150422_512_HMII.jpg,138
20210119_512_HMII.jpg,20
20220711_512_HMII.jpg,125
20190312_512_HMII.jpg,11
20160106_512_HMII.jpg,31
20130209_512_HMII.jpg,61
20220102_512_HMII.jpg,27
20140405_512_HMII.jpg,135
20210518_512_HMII.jpg,28
20121214_512_HMII.jpg,60
20231215_512_HMII.jpg,114
20140814_512_HMII.jpg,86
20140308_512_HMII.jpg,116
20180131_512_HMII.jpg,12
20190131_512_HMII.jpg,0
20210323_512_HMII.jpg,27
20200417_512_HMII.jpg,0
20210129_512_HMII.jpg,0
20240422_512_HMII.jpg,266
20221129_512_HMII.jpg,28
20200226_512_HMII.jpg,0
20240325_512_HMII.jpg,163
20210831_512_HMII.jpg,39
20240211_512_HMII.jpg,162
20220425_512_HMII.jpg,119
20110722_512_HMII.jpg,54
20210222_512_HMII.jpg,16
20200812_512_HMII.jpg,17
20120921_512_HMII.jpg,84
20110309_512_HMII.jpg,113
20130523_512_HMII.jpg,108
20230320_512_HMII.jpg,83
20160312_512_HMII.jpg,70
20120214_512_HMII.jpg,58
20130729_512_HMII.jpg,103
20221023_512_HMII.jpg,52
20220922_512_HMII.jpg,105
20230403_512_HMII.jpg,61
20120909_512_HMII.jpg,89
20160513_512_HMII.jpg,78
20161004_512_HMII.jpg,40
20121007_512_HMII.jpg,40
20220123_512_HMII.jpg,20
20141223_512_HMII.jpg,115
20131028_512_HMII.jpg,147
20240131_512_HMII.jpg,100
20161113_512_HMII.jpg,36
20201023_512_HMII.jpg,17
20170614_512_HMII.jpg,11
20201102_512_HMII.jpg,9
20181105_512_HMII.jpg,0
20230327_512_HMII.jpg,158
20171223_512_HMII.jpg,26
20151123_512_HMII.jpg,56
20160101_512_HMII.jpg,37
20190102_512_HMII.jpg,15
20190518_512_HMII.jpg,12
20231102_512_HMII.jpg,122
20110919_512_HMII.jpg,142
20150709_512_HMII.jpg,110
20180320_512_HMII.jpg,0
20151220_512_HMII.jpg,22
20120901_512_HMII.jpg,145
20170915_512_HMII.jpg,12
20140906_512_HMII.jpg,142
20140609_512_HMII.jpg,156
20150204_512_HMII.jpg,96
20190712_512_HMII.jpg,0
20131026_512_HMII.jpg,132
20190921_512_HMII.jpg,0
20140121_512_HMII.jpg,129
20171216_512_HMII.jpg,0
20130419_512_HMII.jpg,87
20180412_512_HMII.jpg,13
20160920_512_HMII.jpg,53
20130823_512_HMII.jpg,138
20121225_512_HMII.jpg,53
20140301_512_HMII.jpg,155
20170628_512_HMII.jpg,16
20190428_512_HMII.jpg,0
20240322_512_HMII.jpg,163
20201214_512_HMII.jpg,13
20130906_512_HMII.jpg,49
20110107_512_HMII.jpg,35
20231220_512_HMII.jpg,149
20190111_512_HMII.jpg,0
20211027_512_HMII.jpg,103
20210319_512_HMII.jpg,13
20110524_512_HMII.jpg,11
20170524_512_HMII.jpg,20
20181115_512_HMII.jpg,13
20180116_512_HMII.jpg,15
20151218_512_HMII.jpg,54
20210706_512_HMII.jpg,49
20160709_512_HMII.jpg,56
20100902_512_HMII.jpg,58
20200312_512_HMII.jpg,0
20181226_512_HMII.jpg,0
20160424_512_HMII.jpg,37
20190802_512_HMII.jpg,0
20190618_512_HMII.jpg,0
20190807_512_HMII.jpg,7
20190507_512_HMII.jpg,26
20131025_512_HMII.jpg,138
20190703_512_HMII.jpg,0
20140203_512_HMII.jpg,127
20200419_512_HMII.jpg,0
20200210_512_HMII.jpg,0
20240115_512_HMII.jpg,140
20110912_512_HMII.jpg,139
20200706_512_HMII.jpg,5
20191102_512_HMII.jpg,0
20110724_512_HMII.jpg,43
20230501_512_HMII.jpg,104
20240326_512_HMII.jpg,138
20130618_512_HMII.jpg,113
20210317_512_HMII.jpg,13
20200912_512_HMII.jpg,0
20180118_512_HMII.jpg,12
20210520_512_HMII.jpg,20
20240410_512_HMII.jpg,56
20220317_512_HMII.jpg,50
20171119_512_HMII.jpg,0
20200611_512_HMII.jpg,11
20181015_512_HMII.jpg,17
20180813_512_HMII.jpg,0
20151113_512_HMII.jpg,49
20150408_512_HMII.jpg,43
20240129_512_HMII.jpg,74
20110626_512_HMII.jpg,27
20171102_512_HMII.jpg,0
20151204_512_HMII.jpg,33
20211109_512_HMII.jpg,44
20110911_512_HMII.jpg,94
20170928_512_HMII.jpg,42
20180627_512_HMII.jpg,14
20110129_512_HMII.jpg,15
20160721_512_HMII.jpg,52
20180325_512_HMII.jpg,0
20140321_512_HMII.jpg,126
20140811_512_HMII.jpg,69
20110501_512_HMII.jpg,70
20170503_512_HMII.jpg,18
20160905_512_HMII.jpg,31
20240529_512_HMII.jpg,169
20191211_512_HMII.jpg,0
20220322_512_HMII.jpg,47
20140527_512_HMII.jpg,78
20210618_512_HMII.jpg,21
20110728_512_HMII.jpg,96
20190224_512_HMII.jpg,0
20230824_512_HMII.jpg,92
20180113_512_HMII.jpg,0
20150421_512_HMII.jpg,127
20160416_512_HMII.jpg,42
20230115_512_HMII.jpg,199
20190317_512_HMII.jpg,0
20210805_512_HMII.jpg,22
20140921_512_HMII.jpg,95
20230616_512_HMII.jpg,131
20230216_512_HMII.jpg,91
20130623_512_HMII.jpg,118
20231227_512_HMII.jpg,76
20231206_512_HMII.jpg,134
20230515_512_HMII.jpg,113
20150112_512_HMII.jpg,124
20160928_512_HMII.jpg,30
20150831_512_HMII.jpg,35
20190408_512_HMII.jpg,12
20200826_512_HMII.jpg,0
20230828_512_HMII.jpg,82
20150521_512_HMII.jpg,50
20150109_512_HMII.jpg,111
20240113_512_HMII.jpg,181
20140725_512_HMII.jpg,64
20130712_512_HMII.jpg,73
20190305_512_HMII.jpg,14
20150329_512_HMII.jpg,72
20220205_512_HMII.jpg,91
20130811_512_HMII.jpg,81
20140228_512_HMII.jpg,196
20150120_512_HMII.jpg,56
20180724_512_HMII.jpg,0
20180207_512_HMII.jpg,20
20231130_512_HMII.jpg,148
20151223_512_HMII.jpg,68
20240406_512_HMII.jpg,80
20211103_512_HMII.jpg,33
20141001_512_HMII.jpg,135
20220728_512_HMII.jpg,42
20170127_512_HMII.jpg,30
20130217_512_HMII.jpg,72
20110819_512_HMII.jpg,60
20210209_512_HMII.jpg,2
20221202_512_HMII.jpg,71
20210905_512_HMII.jpg,74
20170115_512_HMII.jpg,30
20200325_512_HMII.jpg,0
20150201_512_HMII.jpg,113
20220727_512_HMII.jpg,60
20220219_512_HMII.jpg,42
20191229_512_HMII.jpg,0
20111206_512_HMII.jpg,151
20210617_512_HMII.jpg,12
20180524_512_HMII.jpg,33
20101018_512_HMII.jpg,60
20180106_512_HMII.jpg,11
20210527_512_HMII.jpg,41
20210526_512_HMII.jpg,41
20231231_512_HMII.jpg,52
20210422_512_HMII.jpg,44
20230421_512_HMII.jpg,104
20230913_512_HMII.jpg,131
20210814_512_HMII.jpg,19
20130102_512_HMII.jpg,95
20121226_512_HMII.jpg,57
20230107_512_HMII.jpg,133
20170621_512_HMII.jpg,35
20231223_512_HMII.jpg,138
20150304_512_HMII.jpg,37
20171204_512_HMII.jpg,0
20230923_512_HMII.jpg,196
20230628_512_HMII.jpg,136
20140401_512_HMII.jpg,96
20211214_512_HMII.jpg,46
20150712_512_HMII.jpg,71
20231002_512_HMII.jpg,168
20190104_512_HMII.jpg,13
20120705_512_HMII.jpg,129
20131024_512_HMII.jpg,144
20190803_512_HMII.jpg,0
20190627_512_HMII.jpg,0
20160729_512_HMII.jpg,15
20170426_512_HMII.jpg,38
20141019_512_HMII.jpg,92
20240310_512_HMII.jpg,77
20140629_512_HMII.jpg,93
20230627_512_HMII.jpg,156
20150913_512_HMII.jpg,83
20170109_512_HMII.jpg,0
20231121_512_HMII.jpg,153
20160923_512_HMII.jpg,60
20100815_512_HMII.jpg,38
20210719_512_HMII.jpg,48
20160606_512_HMII.jpg,0
20150901_512_HMII.jpg,43
20150415_512_HMII.jpg,96
20220330_512_HMII.jpg,115
20190806_512_HMII.jpg,0
20230323_512_HMII.jpg,112
20120727_512_HMII.jpg,110
20180619_512_HMII.jpg,33
20221216_512_HMII.jpg,131
20130512_512_HMII.jpg,142
20210812_512_HMII.jpg,7
20160731_512_HMII.jpg,16
20231213_512_HMII.jpg,110
20111219_512_HMII.jpg,115
20200420_512_HMII.jpg,0
20230523_512_HMII.jpg,127
20110809_512_HMII.jpg,61
20140711_512_HMII.jpg,144
20171030_512_HMII.jpg,21
20110628_512_HMII.jpg,38
20190630_512_HMII.jpg,0
20110317_512_HMII.jpg,38
20120511_512_HMII.jpg,110
20220828_512_HMII.jpg,83
20120528_512_HMII.jpg,109
20220620_512_HMII.jpg,96
20210619_512_HMII.jpg,15
20160407_512_HMII.jpg,18
20150203_512_HMII.jpg,89
20151016_512_HMII.jpg,59
20121216_512_HMII.jpg,65
20171008_512_HMII.jpg,11
20121202_512_HMII.jpg,47
20231219_512_HMII.jpg,150
20211221_512_HMII.jpg,132
20170831_512_HMII.jpg,73
20180608_512_HMII.jpg,0
20151211_512_HMII.jpg,83
20150904_512_HMII.jpg,37
20230819_512_HMII.jpg,130
20170607_512_HMII.jpg,14
20180204_512_HMII.jpg,11
20220920_512_HMII.jpg,68
20110805_512_HMII.jpg,88
20110610_512_HMII.jpg,33
20161206_512_HMII.jpg,31
20170216_512_HMII.jpg,19
20131230_512_HMII.jpg,100
20240308_512_HMII.jpg,102
20211011_512_HMII.jpg,30
20151127_512_HMII.jpg,61
20150903_512_HMII.jpg,29
20240331_512_HMII.jpg,63
20151003_512_HMII.jpg,51
20201125_512_HMII.jpg,53
20100812_512_HMII.jpg,50
20110814_512_HMII.jpg,0
20160130_512_HMII.jpg,36
20120520_512_HMII.jpg,116
20210306_512_HMII.jpg,7
20120307_512_HMII.jpg,106
20130929_512_HMII.jpg,43
20221015_512_HMII.jpg,46
20180704_512_HMII.jpg,0
20220923_512_HMII.jpg,131
20111205_512_HMII.jpg,151
20140826_512_HMII.jpg,86
20221012_512_HMII.jpg,103
20121222_512_HMII.jpg,78
20190929_512_HMII.jpg,0
20160630_512_HMII.jpg,0
20170510_512_HMII.jpg,0
20190704_512_HMII.jpg,0
20131205_512_HMII.jpg,110
20120224_512_HMII.jpg,58
20130423_512_HMII.jpg,82
20200209_512_HMII.jpg,0
20160717_512_HMII.jpg,39
20190120_512_HMII.jpg,0
20130319_512_HMII.jpg,66
20210311_512_HMII.jpg,22
20130724_512_HMII.jpg,70
20150930_512_HMII.jpg,95
20141213_512_HMII.jpg,140
20190116_512_HMII.jpg,0
20220331_512_HMII.jpg,124
20180712_512_HMII.jpg,0
20100930_512_HMII.jpg,48
20141204_512_HMII.jpg,93
20220108_512_HMII.jpg,44
20200407_512_HMII.jpg,0
20160725_512_HMII.jpg,0
20240417_512_HMII.jpg,211
20170820_512_HMII.jpg,60
20200328_512_HMII.jpg,0
20160724_512_HMII.jpg,13
20120915_512_HMII.jpg,61
20120103_512_HMII.jpg,120
20140710_512_HMII.jpg,161
20120514_512_HMII.jpg,119
20130630_512_HMII.jpg,80
20230217_512_HMII.jpg,86
20120419_512_HMII.jpg,148
20140830_512_HMII.jpg,76
20210504_512_HMII.jpg,0
20120429_512_HMII.jpg,110
20150612_512_HMII.jpg,98
20201005_512_HMII.jpg,0
20171109_512_HMII.jpg,0
20180210_512_HMII.jpg,25
20220929_512_HMII.jpg,72
20200229_512_HMII.jpg,0
20121124_512_HMII.jpg,82
20200622_512_HMII.jpg,0
20170718_512_HMII.jpg,0
20190419_512_HMII.jpg,24
20130503_512_HMII.jpg,98
20220110_512_HMII.jpg,54
20170514_512_HMII.jpg,0
20210721_512_HMII.jpg,72
20120102_512_HMII.jpg,92
20230708_512_HMII.jpg,177
20170329_512_HMII.jpg,52
20151027_512_HMII.jpg,67
20200816_512_HMII.jpg,0
20151004_512_HMII.jpg,22
20150307_512_HMII.jpg,17
20120316_512_HMII.jpg,85
20210513_512_HMII.jpg,30
20170111_512_HMII.jpg,0
20230801_512_HMII.jpg,180
20210407_512_HMII.jpg,0
20200627_512_HMII.jpg,4
20141114_512_HMII.jpg,102
20200603_512_HMII.jpg,9
20180514_512_HMII.jpg,0
20150226_512_HMII.jpg,22
20130531_512_HMII.jpg,50
20151128_512_HMII.jpg,51
20140214_512_HMII.jpg,130
20230408_512_HMII.jpg,48
20140425_512_HMII.jpg,57
20230401_512_HMII.jpg,47
20200813_512_HMII.jpg,10
20160918_512_HMII.jpg,38
20240615_512_HMII.jpg,148
20110121_512_HMII.jpg,33
20211026_512_HMII.jpg,90
20130318_512_HMII.jpg,107
20111211_512_HMII.jpg,93
20230704_512_HMII.jpg,140
20111016_512_HMII.jpg,154
20160716_512_HMII.jpg,60
20120420_512_HMII.jpg,168
20140822_512_HMII.jpg,125
20130310_512_HMII.jpg,100
20170126_512_HMII.jpg,40
20150429_512_HMII.jpg,30
20110211_512_HMII.jpg,57
20110227_512_HMII.jpg,44
20230221_512_HMII.jpg,104
20220117_512_HMII.jpg,80
20200228_512_HMII.jpg,0
20140417_512_HMII.jpg,199
20180515_512_HMII.jpg,0
20180120_512_HMII.jpg,0
20150628_512_HMII.jpg,32
20230205_512_HMII.jpg,74
20120212_512_HMII.jpg,49
20140614_512_HMII.jpg,137
20110117_512_HMII.jpg,28
20210508_512_HMII.jpg,17
20170702_512_HMII.jpg,13
20150704_512_HMII.jpg,99
20210212_512_HMII.jpg,0
20230420_512_HMII.jpg,103
20190501_512_HMII.jpg,0
20130225_512_HMII.jpg,51
20170122_512_HMII.jpg,68
20160423_512_HMII.jpg,13
20171110_512_HMII.jpg,0
20190302_512_HMII.jpg,0
20171225_512_HMII.jpg,24
20210519_512_HMII.jpg,27
20150707_512_HMII.jpg,112
20131110_512_HMII.jpg,101
20240125_512_HMII.jpg,92
20151009_512_HMII.jpg,26
20111221_512_HMII.jpg,109
20130502_512_HMII.jpg,104
20220904_512_HMII.jpg,72
20201116_512_HMII.jpg,0
20210624_512_HMII.jpg,11
20151110_512_HMII.jpg,71
20150122_512_HMII.jpg,50
20130129_512_HMII.jpg,52
20210204_512_HMII.jpg,0
20230803_512_HMII.jpg,145
20111006_512_HMII.jpg,100
20180526_512_HMII.jpg,27
20190122_512_HMII.jpg,16
20220925_512_HMII.jpg,135
20130126_512_HMII.jpg,66
20150708_512_HMII.jpg,123
20140718_512_HMII.jpg,15
20160529_512_HMII.jpg,33
20131203_512_HMII.jpg,110
20170523_512_HMII.jpg,55
20220504_512_HMII.jpg,77
20230124_512_HMII.jpg,151
20140716_512_HMII.jpg,10
20240528_512_HMII.jpg,164
20120303_512_HMII.jpg,63
20210324_512_HMII.jpg,30
20220515_512_HMII.jpg,145
20200705_512_HMII.jpg,5
20130715_512_HMII.jpg,77
20170710_512_HMII.jpg,45
20140927_512_HMII.jpg,181
20220406_512_HMII.jpg,74
20120625_512_HMII.jpg,17
20231112_512_HMII.jpg,82
20220122_512_HMII.jpg,24
20180408_512_HMII.jpg,0
20230517_512_HMII.jpg,110
20240110_512_HMII.jpg,178
20221227_512_HMII.jpg,94
20180904_512_HMII.jpg,0
20171002_512_HMII.jpg,25
20120824_512_HMII.jpg,71
20130416_512_HMII.jpg,93
20150205_512_HMII.jpg,93
20150619_512_HMII.jpg,68
20210320_512_HMII.jpg,11
20150821_512_HMII.jpg,73
20130120_512_HMII.jpg,47
20141225_512_HMII.jpg,97
20200620_512_HMII.jpg,0
20191213_512_HMII.jpg,0
20180913_512_HMII.jpg,0
20221203_512_HMII.jpg,75
20150209_512_HMII.jpg,88
20130105_512_HMII.jpg,162
20200110_512_HMII.jpg,4
20210117_512_HMII.jpg,14
20110917_512_HMII.jpg,160
20110219_512_HMII.jpg,82
20120906_512_HMII.jpg,116
20180311_512_HMII.jpg,0
20171215_512_HMII.jpg,0
20130401_512_HMII.jpg,79
20210309_512_HMII.jpg,15
20191109_512_HMII.jpg,0
20230808_512_HMII.jpg,123
20210711_512_HMII.jpg,21
20160924_512_HMII.jpg,55
20151030_512_HMII.jpg,88
20160408_512_HMII.jpg,26
20180111_512_HMII.jpg,12
20210213_512_HMII.jpg,0
20220927_512_HMII.jpg,108
20210124_512_HMII.jpg,23
20161202_512_HMII.jpg,61
20210220_512_HMII.jpg,9
20230805_512_HMII.jpg,131
20151023_512_HMII.jpg,94
20211213_512_HMII.jpg,24
20170118_512_HMII.jpg,36
20210428_512_HMII.jpg,46
20130525_512_HMII.jpg,118
20111029_512_HMII.jpg,94
20191215_512_HMII.jpg,0
20200108_512_HMII.jpg,4
20140521_512_HMII.jpg,85
20101228_512_HMII.jpg,22
20150423_512_HMII.jpg,117
20181023_512_HMII.jpg,0
20160213_512_HMII.jpg,38
20130621_512_HMII.jpg,139
20210104_512_HMII.jpg,0
20140320_512_HMII.jpg,139
20220311_512_HMII.jpg,91
20210923_512_HMII.jpg,70
20190801_512_HMII.jpg,0
20140305_512_HMII.jpg,154
20190906_512_HMII.jpg,0
20161110_512_HMII.jpg,24
20140326_512_HMII.jpg,112
20150225_512_HMII.jpg,21
20201006_512_HMII.jpg,0
20130223_512_HMII.jpg,50
20120311_512_HMII.jpg,116
20240106_512_HMII.jpg,148
20200129_512_HMII.jpg,12
20131216_512_HMII.jpg,114
20130501_512_HMII.jpg,142
20180519_512_HMII.jpg,0
20231124_512_HMII.jpg,167
20140402_512_HMII.jpg,114
20120211_512_HMII.jpg,46
20220716_512_HMII.jpg,151
20170923_512_HMII.jpg,12
20130717_512_HMII.jpg,73
20180807_512_HMII.jpg,0
20210515_512_HMII.jpg,28
20120601_512_HMII.jpg,121
20170224_512_HMII.jpg,27
20160906_512_HMII.jpg,43
20190405_512_HMII.jpg,5
20151219_512_HMII.jpg,49
20100927_512_HMII.jpg,56
20221116_512_HMII.jpg,90
20170712_512_HMII.jpg,61
20120606_512_HMII.jpg,153
20210301_512_HMII.jpg,10
20211222_512_HMII.jpg,150
20160402_512_HMII.jpg,12
20110704_512_HMII.jpg,46
20170704_512_HMII.jpg,0
20220303_512_HMII.jpg,88
20151117_512_HMII.jpg,34
20231203_512_HMII.jpg,104
20230909_512_HMII.jpg,133
20210502_512_HMII.jpg,0
20140131_512_HMII.jpg,93
20200621_512_HMII.jpg,0
20201203_512_HMII.jpg,45
20210911_512_HMII.jpg,72
20130408_512_HMII.jpg,122
20130703_512_HMII.jpg,109
20230711_512_HMII.jpg,210
20111130_512_HMII.jpg,132
20160621_512_HMII.jpg,24
20121009_512_HMII.jpg,70
20130822_512_HMII.jpg,139
20210111_512_HMII.jpg,0
20181031_512_HMII.jpg,0
20200913_512_HMII.jpg,0
20170409_512_HMII.jpg,12
20110720_512_HMII.jpg,71
20120407_512_HMII.jpg,30
20160315_512_HMII.jpg,59
20240508_512_HMII.jpg,171
20120629_512_HMII.jpg,103
20160507_512_HMII.jpg,34
20101003_512_HMII.jpg,29
20121015_512_HMII.jpg,119
20170309_512_HMII.jpg,0
20170105_512_HMII.jpg,0
20210730_512_HMII.jpg,0
20210524_512_HMII.jpg,31
20150529_512_HMII.jpg,33
20130509_512_HMII.jpg,116
20191018_512_HMII.jpg,0
20160320_512_HMII.jpg,36
20240530_512_HMII.jpg,159
20220603_512_HMII.jpg,56
20140413_512_HMII.jpg,80
20121130_512_HMII.jpg,70
20230417_512_HMII.jpg,149
20171228_512_HMII.jpg,0
20211128_512_HMII.jpg,48
20130303_512_HMII.jpg,92
20130607_512_HMII.jpg,48
20120322_512_HMII.jpg,70
20141130_512_HMII.jpg,154
20180621_512_HMII.jpg,48
20200712_512_HMII.jpg,0
20201229_512_HMII.jpg,32
20211207_512_HMII.jpg,12
20140219_512_HMII.jpg,126
20200105_512_HMII.jpg,14
20230204_512_HMII.jpg,71
20160107_512_HMII.jpg,61
20231228_512_HMII.jpg,95
20190221_512_HMII.jpg,11
20191212_512_HMII.jpg,0
20230812_512_HMII.jpg,80
20140319_512_HMII.jpg,141
20150108_512_HMII.jpg,99
20191220_512_HMII.jpg,0
20191202_512_HMII.jpg,0
20150216_512_HMII.jpg,41
20120426_512_HMII.jpg,117
20210404_512_HMII.jpg,12
20161216_512_HMII.jpg,0
20240516_512_HMII.jpg,213
20200213_512_HMII.jpg,0
20200905_512_HMII.jpg,0
20191214_512_HMII.jpg,0
20120816_512_HMII.jpg,32
20230511_512_HMII.jpg,157
20140913_512_HMII.jpg,125
20200509_512_HMII.jpg,0
20220319_512_HMII.jpg,36
20201109_512_HMII.jpg,29
20160426_512_HMII.jpg,57
20131018_512_HMII.jpg,155
20140524_512_HMII.jpg,109
20180522_512_HMII.jpg,13
20231016_512_HMII.jpg,97
20170922_512_HMII.jpg,21
20180711_512_HMII.jpg,0
20210330_512_HMII.jpg,9
20121123_512_HMII.jpg,78
20220831_512_HMII.jpg,43
20161030_512_HMII.jpg,13
20200331_512_HMII.jpg,11
20130918_512_HMII.jpg,63
20111119_512_HMII.jpg,128
20201013_512_HMII.jpg,0
20161006_512_HMII.jpg,56
20180502_512_HMII.jpg,0
20180102_512_HMII.jpg,0
20200402_512_HMII.jpg,13
20190503_512_HMII.jpg,0
20130131_512_HMII.jpg,49
20150804_512_HMII.jpg,90
20231009_512_HMII.jpg,153
20130406_512_HMII.jpg,113
20210223_512_HMII.jpg,36
20171205_512_HMII.jpg,0
20240504_512_HMII.jpg,186
20201019_512_HMII.jpg,17
20220709_512_HMII.jpg,93
20190821_512_HMII.jpg,0
20110712_512_HMII.jpg,72
20191028_512_HMII.jpg,0
20200302_512_HMII.jpg,0
20180917_512_HMII.jpg,13
20140217_512_HMII.jpg,106
20220725_512_HMII.jpg,86
20180505_512_HMII.jpg,14
20110413_512_HMII.jpg,111
20120802_512_HMII.jpg,143
20150412_512_HMII.jpg,86
20141024_512_HMII.jpg,138
20230916_512_HMII.jpg,88
20161102_512_HMII.jpg,0
20180218_512_HMII.jpg,0
20141007_512_HMII.jpg,68
20160827_512_HMII.jpg,58
20150420_512_HMII.jpg,128
20190207_512_HMII.jpg,0
20170609_512_HMII.jpg,0
20220523_512_HMII.jpg,144
20200305_512_HMII.jpg,0
20230728_512_HMII.jpg,165
20180318_512_HMII.jpg,14
20121011_512_HMII.jpg,73
20170725_512_HMII.jpg,12
20120725_512_HMII.jpg,68
20210621_512_HMII.jpg,13
20160329_512_HMII.jpg,20
20200428_512_HMII.jpg,15
20171020_512_HMII.jpg,0
20190429_512_HMII.jpg,0
20130908_512_HMII.jpg,25
20140322_512_HMII.jpg,146
20150823_512_HMII.jpg,81
20230213_512_HMII.jpg,177
20120923_512_HMII.jpg,75
20170502_512_HMII.jpg,29
20171012_512_HMII.jpg,0
20180501_512_HMII.jpg,0
20130103_512_HMII.jpg,130
20111021_512_HMII.jpg,194
20181125_512_HMII.jpg,11
20180630_512_HMII.jpg,0
20170917_512_HMII.jpg,14
20210810_512_HMII.jpg,0
20111014_512_HMII.jpg,170
20110209_512_HMII.jpg,51
20130810_512_HMII.jpg,72
20130706_512_HMII.jpg,124
20150508_512_HMII.jpg,150
20220813_512_HMII.jpg,109
20140316_512_HMII.jpg,122
20170728_512_HMII.jpg,11
20210815_512_HMII.jpg,21
20130804_512_HMII.jpg,86
20180305_512_HMII.jpg,0
20210201_512_HMII.jpg,0
20190710_512_HMII.jpg,0
20151207_512_HMII.jpg,61
20141117_512_HMII.jpg,99
20231027_512_HMII.jpg,58
20210318_512_HMII.jpg,13
20231006_512_HMII.jpg,158
20180404_512_HMII.jpg,0
20210507_512_HMII.jpg,10
20240427_512_HMII.jpg,138
20111220_512_HMII.jpg,108
20120904_512_HMII.jpg,159
20170404_512_HMII.jpg,76
20160722_512_HMII.jpg,39
20160518_512_HMII.jpg,30
20121005_512_HMII.jpg,60
20170209_512_HMII.jpg,19
20180716_512_HMII.jpg,0
20170528_512_HMII.jpg,21
20130530_512_HMII.jpg,73
20201230_512_HMII.jpg,32
20240318_512_HMII.jpg,120
20170723_512_HMII.jpg,0
20130916_512_HMII.jpg,25
20230203_512_HMII.jpg,64
20110205_512_HMII.jpg,26
20101214_512_HMII.jpg,27
20170325_512_HMII.jpg,18
20220114_512_HMII.jpg,98
20180104_512_HMII.jpg,13
20211202_512_HMII.jpg,38
20190214_512_HMII.jpg,0
20140420_512_HMII.jpg,173
20161217_512_HMII.jpg,13
20220213_512_HMII.jpg,46
20230706_512_HMII.jpg,145
20130210_512_HMII.jpg,48
20230903_512_HMII.jpg,91
20210829_512_HMII.jpg,51
20230612_512_HMII.jpg,114
20211030_512_HMII.jpg,76
20180802_512_HMII.jpg,11
20220428_512_HMII.jpg,134
20180125_512_HMII.jpg,0
20171018_512_HMII.jpg,0
20190331_512_HMII.jpg,13
20190426_512_HMII.jpg,0
20110525_512_HMII.jpg,24
20190324_512_HMII.jpg,14
20200716_512_HMII.jpg,0
20190531_512_HMII.jpg,0
20120425_512_HMII.jpg,126
20120812_512_HMII.jpg,98
20140807_512_HMII.jpg,123
20210221_512_HMII.jpg,10
20130725_512_HMII.jpg,85
20190607_512_HMII.jpg,0
20140509_512_HMII.jpg,139
20150620_512_HMII.jpg,64
20240313_512_HMII.jpg,81
20120813_512_HMII.jpg,74
20110423_512_HMII.jpg,78
20240502_512_HMII.jpg,144
20240414_512_HMII.jpg,150
20220324_512_HMII.jpg,51
20230626_512_HMII.jpg,171
20120613_512_HMII.jpg,113
20220404_512_HMII.jpg,82
20190325_512_HMII.jpg,0
20111115_512_HMII.jpg,141
20141006_512_HMII.jpg,68
20190222_512_HMII.jpg,0
20150319_512_HMII.jpg,49
20110808_512_HMII.jpg,70
20240229_512_HMII.jpg,126
20130108_512_HMII.jpg,154
20110702_512_HMII.jpg,44
20141208_512_HMII.jpg,71
20211130_512_HMII.jpg,59
20240226_512_HMII.jpg,132
20190902_512_HMII.jpg,14
20201210_512_HMII.jpg,12
20150616_512_HMII.jpg,70
20140102_512_HMII.jpg,133
20150810_512_HMII.jpg,69
20210303_512_HMII.jpg,35
20120829_512_HMII.jpg,83
20150915_512_HMII.jpg,68
20230411_512_HMII.jpg,109
20150921_512_HMII.jpg,78
20190526_512_HMII.jpg,0
20211115_512_HMII.jpg,24
20190202_512_HMII.jpg,0
20181221_512_HMII.jpg,0
20200707_512_HMII.jpg,8
20150523_512_HMII.jpg,72
20140726_512_HMII.jpg,58
20130203_512_HMII.jpg,80
20210112_512_HMII.jpg,0
20140606_512_HMII.jpg,119
20181209_512_HMII.jpg,0
20151114_512_HMII.jpg,39
20230809_512_HMII.jpg,102
20121017_512_HMII.jpg,102
20151122_512_HMII.jpg,71
20160228_512_HMII.jpg,36
20120815_512_HMII.jpg,30
20160628_512_HMII.jpg,0
20200410_512_HMII.jpg,0
20200406_512_HMII.jpg,0
20210826_512_HMII.jpg,48
20180919_512_HMII.jpg,0
20161107_512_HMII.jpg,11
20130917_512_HMII.jpg,52
20200511_512_HMII.jpg,0
20210114_512_HMII.jpg,3
20130514_512_HMII.jpg,160
20130828_512_HMII.jpg,50
20210123_512_HMII.jpg,32
20140202_512_HMII.jpg,118
20230503_512_HMII.jpg,124
20150302_512_HMII.jpg,52
20240623_512_HMII.jpg,163
20211108_512_HMII.jpg,40
20230414_512_HMII.jpg,163
20201015_512_HMII.jpg,13
20220729_512_HMII.jpg,43
20160103_512_HMII.jpg,51
20191217_512_HMII.jpg,0
20140213_512_HMII.jpg,147
20111109_512_HMII.jpg,177
20180725_512_HMII.jpg,0
20171115_512_HMII.jpg,15
20180127_512_HMII.jpg,0
20190505_512_HMII.jpg,12
20180720_512_HMII.jpg,0
20130115_512_HMII.jpg,110
20170318_512_HMII.jpg,0
20170726_512_HMII.jpg,12
20231217_512_HMII.jpg,112
20200504_512_HMII.jpg,0
20120503_512_HMII.jpg,96
20210128_512_HMII.jpg,7
20180128_512_HMII.jpg,0
20170601_512_HMII.jpg,15
20160714_512_HMII.jpg,58
20170527_512_HMII.jpg,24
20180827_512_HMII.jpg,13
20141128_512_HMII.jpg,143
20210421_512_HMII.jpg,46
20200517_512_HMII.jpg,0
20230926_512_HMII.jpg,140
20180824_512_HMII.jpg,29
20180510_512_HMII.jpg,11
20180612_512_HMII.jpg,11
20201026_512_HMII.jpg,22
20160515_512_HMII.jpg,87
20231119_512_HMII.jpg,68
20190614_512_HMII.jpg,0
20190923_512_HMII.jpg,0
20221119_512_HMII.jpg,75
20201231_512_HMII.jpg,34
20140510_512_HMII.jpg,123
20160929_512_HMII.jpg,17
20200923_512_HMII.jpg,7
20180110_512_HMII.jpg,20
20230505_512_HMII.jpg,115
20190623_512_HMII.jpg,0
20210517_512_HMII.jpg,14
20231015_512_HMII.jpg,104
20230907_512_HMII.jpg,132
20140912_512_HMII.jpg,126
20181010_512_HMII.jpg,0
20180814_512_HMII.jpg,12
20150111_512_HMII.jpg,122
20121002_512_HMII.jpg,73
20190219_512_HMII.jpg,0
20170327_512_HMII.jpg,52
20120814_512_HMII.jpg,33
20200204_512_HMII.jpg,0
20191020_512_HMII.jpg,0
20181225_512_HMII.jpg,0
20220616_512_HMII.jpg,150
20111116_512_HMII.jpg,125
20171106_512_HMII.jpg,0
20190322_512_HMII.jpg,30
20140306_512_HMII.jpg,127
20201108_512_HMII.jpg,44
20230404_512_HMII.jpg,65
20131011_512_HMII.jpg,122
20170930_512_HMII.jpg,40
20211013_512_HMII.jpg,20
20110531_512_HMII.jpg,106
20220824_512_HMII.jpg,60
20110405_512_HMII.jpg,56
20140410_512_HMII.jpg,65
20140123_512_HMII.jpg,146
20170421_512_HMII.jpg,40
20151224_512_HMII.jpg,69
20230514_512_HMII.jpg,131
20140512_512_HMII.jpg,154
20180323_512_HMII.jpg,0
20170810_512_HMII.jpg,14
20121025_512_HMII.jpg,79
20181101_512_HMII.jpg,0
20190708_512_HMII.jpg,5
20150222_512_HMII.jpg,43
20150211_512_HMII.jpg,60
20230423_512_HMII.jpg,83
20161015_512_HMII.jpg,38
20200821_512_HMII.jpg,3
20180215_512_HMII.jpg,16
20170108_512_HMII.jpg,0
20210305_512_HMII.jpg,13
20150922_512_HMII.jpg,86
20200502_512_HMII.jpg,0
20160311_512_HMII.jpg,51
20160719_512_HMII.jpg,59
20240319_512_HMII.jpg,132
20190830_512_HMII.jpg,0
20110923_512_HMII.jpg,91
20201204_512_HMII.jpg,41
20110306_512_HMII.jpg,130
20160421_512_HMII.jpg,26
20180708_512_HMII.jpg,0
20140218_512_HMII.jpg,127
20170306_512_HMII.jpg,0
20151025_512_HMII.jpg,67
20160206_512_HMII.jpg,79
20160829_512_HMII.jpg,68
20191116_512_HMII.jpg,0
20130227_512_HMII.jpg,58
20180818_512_HMII.jpg,11
20200118_512_HMII.jpg,0
20120619_512_HMII.jpg,51
20130905_512_HMII.jpg,65
20200831_512_HMII.jpg,0
20150802_512_HMII.jpg,53
20180811_512_HMII.jpg,0
20180903_512_HMII.jpg,0
20230529_512_HMII.jpg,158
20130716_512_HMII.jpg,77
20210628_512_HMII.jpg,46
20180410_512_HMII.jpg,12
20160205_512_HMII.jpg,103
20220302_512_HMII.jpg,78
20180217_512_HMII.jpg,0
20200215_512_HMII.jpg,0
20160327_512_HMII.jpg,32
20220304_512_HMII.jpg,87
20200126_512_HMII.jpg,19
20160907_512_HMII.jpg,57
20121120_512_HMII.jpg,105
20230613_512_HMII.jpg,93
20140628_512_HMII.jpg,71
20130521_512_HMII.jpg,113
20150416_512_HMII.jpg,100
20180529_512_HMII.jpg,23
20130109_512_HMII.jpg,156
20140424_512_HMII.jpg,72
20220115_512_HMII.jpg,95
20151228_512_HMII.jpg,71
20160229_512_HMII.jpg,45
20221213_512_HMII.jpg,159
20210322_512_HMII.jpg,22
20210126_512_HMII.jpg,17
20131111_512_HMII.jpg,113
20180518_512_HMII.jpg,0
20240512_512_HMII.jpg,199
20180403_512_HMII.jpg,0
20181215_512_HMII.jpg,12
20220826_512_HMII.jpg,94
20220511_512_HMII.jpg,80
20200523_512_HMII.jpg,0
20130413_512_HMII.jpg,117
20160330_512_HMII.jpg,17
20131107_512_HMII.jpg,166
20220113_512_HMII.jpg,85
20220507_512_HMII.jpg,64
20191115_512_HMII.jpg,0
20240329_512_HMII.jpg,79
20130418_512_HMII.jpg,85
20150826_512_HMII.jpg,47
20180203_512_HMII.jpg,0
20170807_512_HMII.jpg,12
20200418_512_HMII.jpg,0
20161111_512_HMII.jpg,26
20160715_512_HMII.jpg,69
20220530_512_HMII.jpg,58
20130307_512_HMII.jpg,66
20171227_512_HMII.jpg,13
20180803_512_HMII.jpg,0
20110330_512_HMII.jpg,96
20111126_512_HMII.jpg,131
20150428_512_HMII.jpg,41
20210511_512_HMII.jpg,32
20110427_512_HMII.jpg,73
20120502_512_HMII.jpg,95
20130617_512_HMII.jpg,111
20230718_512_HMII.jpg,168
20181122_512_HMII.jpg,0
20140104_512_HMII.jpg,136
20200323_512_HMII.jpg,0
20110709_512_HMII.jpg,49
20221108_512_HMII.jpg,103
20240415_512_HMII.jpg,171
20200618_512_HMII.jpg,0
20150123_512_HMII.jpg,60
20120611_512_HMII.jpg,128
20170411_512_HMII.jpg,14
20101102_512_HMII.jpg,18
20120201_512_HMII.jpg,89
20240102_512_HMII.jpg,68
20121208_512_HMII.jpg,50
20120507_512_HMII.jpg,80
20171112_512_HMII.jpg,0
20140415_512_HMII.jpg,145
20171029_512_HMII.jpg,23
20180328_512_HMII.jpg,0
20221013_512_HMII.jpg,83
20170605_512_HMII.jpg,34
20240604_512_HMII.jpg,213
20220820_512_HMII.jpg,74
20130118_512_HMII.jpg,43
20110607_512_HMII.jpg,58
20240107_512_HMII.jpg,172
20191218_512_HMII.jpg,0
20230416_512_HMII.jpg,183
20230802_512_HMII.jpg,163
20160428_512_HMII.jpg,90
20200524_512_HMII.jpg,0
20230722_512_HMII.jpg,140
20160126_512_HMII.jpg,69
20120404_512_HMII.jpg,64
20210602_512_HMII.jpg,29
20230304_512_HMII.jpg,127
20220601_512_HMII.jpg,62
20140802_512_HMII.jpg,165
20210925_512_HMII.jpg,45
20111117_512_HMII.jpg,121
20160825_512_HMII.jpg,48
20200510_512_HMII.jpg,0
20210115_512_HMII.jpg,14
20160811_512_HMII.jpg,79
20110422_512_HMII.jpg,87
20201029_512_HMII.jpg,42
20160813_512_HMII.jpg,58
20100817_512_HMII.jpg,26
20220818_512_HMII.jpg,87
20150928_512_HMII.jpg,156
20150510_512_HMII.jpg,163
20160303_512_HMII.jpg,77
20140624_512_HMII.jpg,40
20121020_512_HMII.jpg,73
20160613_512_HMII.jpg,38
20231005_512_HMII.jpg,159
20170529_512_HMII.jpg,14
20180407_512_HMII.jpg,0
20180717_512_HMII.jpg,0
20150118_512_HMII.jpg,68
20110513_512_HMII.jpg,36
20181112_512_HMII.jpg,15
20140526_512_HMII.jpg,91
20201119_512_HMII.jpg,13
20111102_512_HMII.jpg,128
20110419_512_HMII.jpg,71
20191208_512_HMII.jpg,0
20190424_512_HMII.jpg,0
20140717_512_HMII.jpg,0
20140323_512_HMII.jpg,151
20170125_512_HMII.jpg,47
20240423_512_HMII.jpg,268
20170920_512_HMII.jpg,21
20190121_512_HMII.jpg,10
20231120_512_HMII.jpg,96
20130323_512_HMII.jpg,49
20120121_512_HMII.jpg,112
20140728_512_HMII.jpg,109
20130519_512_HMII.jpg,127
20210113_512_HMII.jpg,0
20111012_512_HMII.jpg,146
20240402_512_HMII.jpg,36
20170809_512_HMII.jpg,12
20161219_512_HMII.jpg,15
20160914_512_HMII.jpg,28
20130206_512_HMII.jpg,43
20160711_512_HMII.jpg,62
20110108_512_HMII.jpg,25
20170911_512_HMII.jpg,29
20130527_512_HMII.jpg,92
20120210_512_HMII.jpg,46
20111230_512_HMII.jpg,93
20150907_512_HMII.jpg,44
20210408_512_HMII.jpg,0
20230528_512_HMII.jpg,144
20101019_512_HMII.jpg,63
20131005_512_HMII.jpg,57
20120825_512_HMII.jpg,77
20120919_512_HMII.jpg,67
20170402_512_HMII.jpg,83
20200720_512_HMII.jpg,0
20191031_512_HMII.jpg,0
20150214_512_HMII.jpg,53
20210525_512_HMII.jpg,41
20131201_512_HMII.jpg,124
20190805_512_HMII.jpg,8
20200906_512_HMII.jpg,0
20131212_512_HMII.jpg,151
20210922_512_HMII.jpg,81
20230919_512_HMII.jpg,149
20190810_512_HMII.jpg,0
20201030_512_HMII.jpg,34
20131021_512_HMII.jpg,128
20211212_512_HMII.jpg,13
20140111_512_HMII.jpg,142
20130925_512_HMII.jpg,71
20240408_512_HMII.jpg,78
20150206_512_HMII.jpg,89
20130420_512_HMII.jpg,90
20221004_512_HMII.jpg,167
20140804_512_HMII.jpg,146
20180620_512_HMII.jpg,56
20130412_512_HMII.jpg,125
20230430_512_HMII.jpg,102
20120928_512_HMII.jpg,85
20120227_512_HMII.jpg,44
20150905_512_HMII.jpg,27
20200202_512_HMII.jpg,0
20150902_512_HMII.jpg,36
20130329_512_HMII.jpg,72
20140622_512_HMII.jpg,90
20220209_512_HMII.jpg,68
20230211_512_HMII.jpg,166
20221006_512_HMII.jpg,162
20240209_512_HMII.jpg,127
20221218_512_HMII.jpg,127
20221210_512_HMII.jpg,122
20211223_512_HMII.jpg,145
20200810_512_HMII.jpg,13
20191203_512_HMII.jpg,0
20141018_512_HMII.jpg,61
20111011_512_HMII.jpg,124
20231123_512_HMII.jpg,186
20160627_512_HMII.jpg,0
20181222_512_HMII.jpg,0
20190717_512_HMII.jpg,0
20210413_512_HMII.jpg,19
20231202_512_HMII.jpg,100
20160219_512_HMII.jpg,46
20160707_512_HMII.jpg,25
20190620_512_HMII.jpg,0
20171003_512_HMII.jpg,24
20221217_512_HMII.jpg,131
20200623_512_HMII.jpg,0
20160429_512_HMII.jpg,82
20160712_512_HMII.jpg,59
20150116_512_HMII.jpg,52
20211023_512_HMII.jpg,48
20191107_512_HMII.jpg,0
20140806_512_HMII.jpg,113
20181214_512_HMII.jpg,11
20230110_512_HMII.jpg,179
20120508_512_HMII.jpg,85
20141109_512_HMII.jpg,75
20190509_512_HMII.jpg,26
20161021_512_HMII.jpg,28
20140514_512_HMII.jpg,166
20160302_512_HMII.jpg,78
20191227_512_HMII.jpg,0
20141120_512_HMII.jpg,74
20220908_512_HMII.jpg,97
20110420_512_HMII.jpg,73
20190625_512_HMII.jpg,12
20211004_512_HMII.jpg,35
20240629_512_HMII.jpg,219
20110918_512_HMII.jpg,143
20130801_512_HMII.jpg,96
20110118_512_HMII.jpg,32
20140430_512_HMII.jpg,82
20180429_512_HMII.jpg,0
20190112_512_HMII.jpg,0
20231025_512_HMII.jpg,33
20170709_512_HMII.jpg,43
20170119_512_HMII.jpg,33
20210601_512_HMII.jpg,22
20141211_512_HMII.jpg,104
20150303_512_HMII.jpg,42
20130128_512_HMII.jpg,61
20230914_512_HMII.jpg,134
20211110_512_HMII.jpg,41
20171130_512_HMII.jpg,11
20110322_512_HMII.jpg,45
20111225_512_HMII.jpg,97
20160926_512_HMII.jpg,29
20150506_512_HMII.jpg,124
20130201_512_HMII.jpg,64
20230930_512_HMII.jpg,117
20100825_512_HMII.jpg,23
20180714_512_HMII.jpg,12
20121117_512_HMII.jpg,139
20230924_512_HMII.jpg,176
20211019_512_HMII.jpg,13
20120205_512_HMII.jpg,29
20180402_512_HMII.jpg,0
20130930_512_HMII.jpg,53
20110528_512_HMII.jpg,73
20151227_512_HMII.jpg,67
20140525_512_HMII.jpg,109
20170921_512_HMII.jpg,22
20111010_512_HMII.jpg,90
20190922_512_HMII.jpg,0
20110822_512_HMII.jpg,92
20110903_512_HMII.jpg,140
20171125_512_HMII.jpg,15
20170213_512_HMII.jpg,19
20110320_512_HMII.jpg,30
20240126_512_HMII.jpg,83
20161224_512_HMII.jpg,0
20210916_512_HMII.jpg,0
20170322_512_HMII.jpg,14
20180923_512_HMII.jpg,0
20180314_512_HMII.jpg,0
20110616_512_HMII.jpg,59
20210920_512_HMII.jpg,43
20171207_512_HMII.jpg,11
20190726_512_HMII.jpg,0
20130414_512_HMII.jpg,110
20170720_512_HMII.jpg,0
20121215_512_HMII.jpg,62
20110920_512_HMII.jpg,123
20211029_512_HMII.jpg,82
20160927_512_HMII.jpg,26
20150324_512_HMII.jpg,108
20200718_512_HMII.jpg,0
20200103_512_HMII.jpg,13
20231201_512_HMII.jpg,123
20140607_512_HMII.jpg,133
20200521_512_HMII.jpg,0
20200329_512_HMII.jpg,0
20200723_512_HMII.jpg,11
20231008_512_HMII.jpg,144
20120428_512_HMII.jpg,112
20200409_512_HMII.jpg,0
20220704_512_HMII.jpg,59
20140803_512_HMII.jpg,153
20220903_512_HMII.jpg,68
20101127_512_HMII.jpg,13
20200713_512_HMII.jpg,0
20141107_512_HMII.jpg,106
20211111_512_HMII.jpg,43
20160603_512_HMII.jpg,0
20110829_512_HMII.jpg,56
20231216_512_HMII.jpg,124
20170223_512_HMII.jpg,24
20141027_512_HMII.jpg,107
20170608_512_HMII.jpg,14
20190407_512_HMII.jpg,11
20190520_512_HMII.jpg,0
20110314_512_HMII.jpg,61
20231026_512_HMII.jpg,54
20150124_512_HMII.jpg,59
20190719_512_HMII.jpg,0
20110315_512_HMII.jpg,48
20170214_512_HMII.jpg,16
20211117_512_HMII.jpg,29
20110629_512_HMII.jpg,41
20210224_512_HMII.jpg,38
20231004_512_HMII.jpg,154
20220809_512_HMII.jpg,61
20200211_512_HMII.jpg,0
20160514_512_HMII.jpg,88
20181111_512_HMII.jpg,0
20180330_512_HMII.jpg,12
20160818_512_HMII.jpg,49
20140801_512_HMII.jpg,165
20140924_512_HMII.jpg,108
20190216_512_HMII.jpg,0
20121103_512_HMII.jpg,44
20110506_512_HMII.jpg,45
20141022_512_HMII.jpg,123
20220830_512_HMII.jpg,48
20221224_512_HMII.jpg,93
20110910_512_HMII.jpg,80
20140508_512_HMII.jpg,132
20150306_512_HMII.jpg,35
20180528_512_HMII.jpg,20
20121205_512_HMII.jpg,60
20231013_512_HMII.jpg,113
20181025_512_HMII.jpg,0
20180702_512_HMII.jpg,0
20160821_512_HMII.jpg,14
20190211_512_HMII.jpg,0
20211113_512_HMII.jpg,27
20221005_512_HMII.jpg,164
20200224_512_HMII.jpg,0
20210809_512_HMII.jpg,7
20180226_512_HMII.jpg,16
20210329_512_HMII.jpg,12
20231122_512_HMII.jpg,160
20120512_512_HMII.jpg,101
20230226_512_HMII.jpg,119
20140109_512_HMII.jpg,120
20190228_512_HMII.jpg,0
20191110_512_HMII.jpg,0
20170611_512_HMII.jpg,0
20231014_512_HMII.jpg,111
20121203_512_HMII.jpg,44
20230608_512_HMII.jpg,181
20220201_512_HMII.jpg,77
20140313_512_HMII.jpg,112
20170825_512_HMII.jpg,53
20141005_512_HMII.jpg,89
20200501_512_HMII.jpg,4
20121230_512_HMII.jpg,56
20130826_512_HMII.jpg,43
20221214_512_HMII.jpg,148
20210106_512_HMII.jpg,0
20210424_512_HMII.jpg,54
20170428_512_HMII.jpg,36
20181220_512_HMII.jpg,0
20130202_512_HMII.jpg,72
20140411_512_HMII.jpg,61
20230227_512_HMII.jpg,126
20201008_512_HMII.jpg,6
20180417_512_HMII.jpg,11
20240622_512_HMII.jpg,159
20110305_512_HMII.jpg,116
20160204_512_HMII.jpg,108
20200528_512_HMII.jpg,0
20140129_512_HMII.jpg,94
20190524_512_HMII.jpg,0
20220416_512_HMII.jpg,64
20210821_512_HMII.jpg,16
20130407_512_HMII.jpg,126
20120707_512_HMII.jpg,146
20181126_512_HMII.jpg,3
20130619_512_HMII.jpg,123
20190624_512_HMII.jpg,11
20230407_512_HMII.jpg,48
20211230_512_HMII.jpg,69
20220408_512_HMII.jpg,53
20190728_512_HMII.jpg,0
20110218_512_HMII.jpg,85
20211227_512_HMII.jpg,107
20180327_512_HMII.jpg,0
20210530_512_HMII.jpg,26
20161001_512_HMII.jpg,0
20130130_512_HMII.jpg,53
20150803_512_HMII.jpg,61
20131001_512_HMII.jpg,48
20190824_512_HMII.jpg,0
20221007_512_HMII.jpg,163
20221122_512_HMII.jpg,73
20170627_512_HMII.jpg,19
20160705_512_HMII.jpg,13
20230721_512_HMII.jpg,150
20160804_512_HMII.jpg,16
20150820_512_HMII.jpg,65
20230419_512_HMII.jpg,103
20190223_512_HMII.jpg,0
20140715_512_HMII.jpg,18
20171001_512_HMII.jpg,35
20180907_512_HMII.jpg,0
20200301_512_HMII.jpg,0
20101009_512_HMII.jpg,13
20180425_512_HMII.jpg,18
20200321_512_HMII.jpg,0
20211006_512_HMII.jpg,26
20120710_512_HMII.jpg,107
20230114_512_HMII.jpg,189
20240104_512_HMII.jpg,100
20150507_512_HMII.jpg,145
20170617_512_HMII.jpg,30
20120424_512_HMII.jpg,134
20221120_512_HMII.jpg,87
20121028_512_HMII.jpg,53
20150411_512_HMII.jpg,59
20180108_512_HMII.jpg,13
20160117_512_HMII.jpg,58
20131003_512_HMII.jpg,68
20150530_512_HMII.jpg,31
20160305_512_HMII.jpg,83
20230611_512_HMII.jpg,146
20220127_512_HMII.jpg,81
20190318_512_HMII.jpg,13
20230624_512_HMII.jpg,223
20180324_512_HMII.jpg,0
20121013_512_HMII.jpg,80
20210516_512_HMII.jpg,13
20170505_512_HMII.jpg,31
20140303_512_HMII.jpg,161
20200921_512_HMII.jpg,0
20111214_512_HMII.jpg,78
20140522_512_HMII.jpg,66
20121128_512_HMII.jpg,77
20110401_512_HMII.jpg,67
20210310_512_HMII.jpg,17
20170208_512_HMII.jpg,11
20170606_512_HMII.jpg,24
20200626_512_HMII.jpg,6
20130410_512_HMII.jpg,139
20170715_512_HMII.jpg,33
20130113_512_HMII.jpg,128
20220105_512_HMII.jpg,23
20180302_512_HMII.jpg,11
20120517_512_HMII.jpg,110
20201216_512_HMII.jpg,14
20160527_512_HMII.jpg,34
20220208_512_HMII.jpg,75
20110703_512_HMII.jpg,41
20221105_512_HMII.jpg,115
20231207_512_HMII.jpg,125
20191118_512_HMII.jpg,0
20181102_512_HMII.jpg,0
20211205_512_HMII.jpg,24
20220916_512_HMII.jpg,92
20160504_512_HMII.jpg,71
20181213_512_HMII.jpg,0
20240119_512_HMII.jpg,143
20160221_512_HMII.jpg,47
20161226_512_HMII.jpg,0
20120408_512_HMII.jpg,25
20220930_512_HMII.jpg,76
20131031_512_HMII.jpg,130
20200616_512_HMII.jpg,0
20221220_512_HMII.jpg,112
20150920_512_HMII.jpg,65
20120219_512_HMII.jpg,70
20130302_512_HMII.jpg,96
20180316_512_HMII.jpg,0
20170401_512_HMII.jpg,71
20171221_512_HMII.jpg,19
20131104_512_HMII.jpg,128
20190406_512_HMII.jpg,0
20220907_512_HMII.jpg,96
20160816_512_HMII.jpg,80
20220910_512_HMII.jpg,117
20150403_512_HMII.jpg,35
20160817_512_HMII.jpg,58
20180810_512_HMII.jpg,0
20110811_512_HMII.jpg,38
20160519_512_HMII.jpg,43
20141108_512_HMII.jpg,86
20170117_512_HMII.jpg,30
20211119_512_HMII.jpg,22
20221221_512_HMII.jpg,100
20130924_512_HMII.jpg,65
20130707_512_HMII.jpg,141
20181019_512_HMII.jpg,0
20190313_512_HMII.jpg,0
20191117_512_HMII.jpg,0
20150410_512_HMII.jpg,41
20110516_512_HMII.jpg,57
20180809_512_HMII.jpg,0
20110213_512_HMII.jpg,78
20120620_512_HMII.jpg,30
20120409_512_HMII.jpg,14
20101001_512_HMII.jpg,36
20220212_512_HMII.jpg,54
20221016_512_HMII.jpg,75
20180512_512_HMII.jpg,13
20140328_512_HMII.jpg,122
20171218_512_HMII.jpg,0
20121029_512_HMII.jpg,69
20200116_512_HMII.jpg,0
20121210_512_HMII.jpg,43
20110601_512_HMII.jpg,126
20170507_512_HMII.jpg,23
20210622_512_HMII.jpg,16
20190702_512_HMII.jpg,0
20110517_512_HMII.jpg,50
20201114_512_HMII.jpg,20
20160614_512_HMII.jpg,38
20110708_512_HMII.jpg,63
20190502_512_HMII.jpg,0
20130701_512_HMII.jpg,77
20210813_512_HMII.jpg,9
20160122_512_HMII.jpg,67
20201002_512_HMII.jpg,0
20230308_512_HMII.jpg,166
20150224_512_HMII.jpg,44
20191108_512_HMII.jpg,0
20140112_512_HMII.jpg,133
20121122_512_HMII.jpg,95
20130815_512_HMII.jpg,124
20171028_512_HMII.jpg,24
20141014_512_HMII.jpg,74
20200814_512_HMII.jpg,5
20220520_512_HMII.jpg,132
20120826_512_HMII.jpg,78
20121116_512_HMII.jpg,142
20220112_512_HMII.jpg,76
20210411_512_HMII.jpg,10
20210904_512_HMII.jpg,71
20200920_512_HMII.jpg,0
20221226_512_HMII.jpg,115
20210522_512_HMII.jpg,19
20210419_512_HMII.jpg,36
20131105_512_HMII.jpg,122
20170517_512_HMII.jpg,12
20140122_512_HMII.jpg,154
20240501_512_HMII.jpg,119
20110110_512_HMII.jpg,26
20190119_512_HMII.jpg,0
20170924_512_HMII.jpg,23
20101207_512_HMII.jpg,31
20210614_512_HMII.jpg,12
20161020_512_HMII.jpg,16
20141216_512_HMII.jpg,175
20211031_512_HMII.jpg,65
20210610_512_HMII.jpg,27
20231224_512_HMII.jpg,117
20170802_512_HMII.jpg,13
20180821_512_HMII.jpg,16
20110203_512_HMII.jpg,29
20181024_512_HMII.jpg,0
20120615_512_HMII.jpg,117
20131120_512_HMII.jpg,84
20140701_512_HMII.jpg,134
20231115_512_HMII.jpg,33
20151020_512_HMII.jpg,95
20190128_512_HMII.jpg,16
20160608_512_HMII.jpg,14
20120414_512_HMII.jpg,51
20200714_512_HMII.jpg,0
20180517_512_HMII.jpg,0
20220707_512_HMII.jpg,97
20210427_512_HMII.jpg,55
20170228_512_HMII.jpg,58
20161019_512_HMII.jpg,28
20190629_512_HMII.jpg,5
20170102_512_HMII.jpg,12
20210726_512_HMII.jpg,31
20130518_512_HMII.jpg,133
20180228_512_HMII.jpg,12
20230820_512_HMII.jpg,101
20200702_512_HMII.jpg,2
20210727_512_HMII.jpg,18
20180606_512_HMII.jpg,11
20130608_512_HMII.jpg,26
20190723_512_HMII.jpg,0
20131130_512_HMII.jpg,95
20150806_512_HMII.jpg,108
20140211_512_HMII.jpg,158
20150626_512_HMII.jpg,23
20200401_512_HMII.jpg,13
20190203_512_HMII.jpg,0
20230405_512_HMII.jpg,53
20180123_512_HMII.jpg,0
20171107_512_HMII.jpg,0
20100929_512_HMII.jpg,55
20171005_512_HMII.jpg,26
20230703_512_HMII.jpg,154
20180513_512_HMII.jpg,12
20210417_512_HMII.jpg,15
20140505_512_HMII.jpg,142
20180610_512_HMII.jpg,0
20190508_512_HMII.jpg,25
20210709_512_HMII.jpg,11
20240607_512_HMII.jpg,163
20180910_512_HMII.jpg,12
20191106_512_HMII.jpg,0
20170914_512_HMII.jpg,12
20150101_512_HMII.jpg,104
20170226_512_HMII.jpg,38
20131202_512_HMII.jpg,139
20230324_512_HMII.jpg,149
20210625_512_HMII.jpg,23
20240403_512_HMII.jpg,37
20130919_512_HMII.jpg,63
20140828_512_HMII.jpg,82
20230920_512_HMII.jpg,170
20230321_512_HMII.jpg,96
20231129_512_HMII.jpg,161
20171202_512_HMII.jpg,0
20200819_512_HMII.jpg,16
20231107_512_HMII.jpg,78
20170324_512_HMII.jpg,14
20221020_512_HMII.jpg,36
20120621_512_HMII.jpg,16
20180306_512_HMII.jpg,0
20131207_512_HMII.jpg,89
20180201_512_HMII.jpg,0
20220816_512_HMII.jpg,123
20101005_512_HMII.jpg,13
20180130_512_HMII.jpg,11
20110813_512_HMII.jpg,18
20141031_512_HMII.jpg,80
20171128_512_HMII.jpg,15
20150625_512_HMII.jpg,27
20220410_512_HMII.jpg,21
20150815_512_HMII.jpg,39
20150327_512_HMII.jpg,101
20130614_512_HMII.jpg,64
20160128_512_HMII.jpg,77
20110418_512_HMII.jpg,71
20220722_512_HMII.jpg,98
20111127_512_HMII.jpg,124
20170415_512_HMII.jpg,0
20180525_512_HMII.jpg,30
20170701_512_HMII.jpg,23
20190417_512_HMII.jpg,16
20230224_512_HMII.jpg,117
20191002_512_HMII.jpg,6
20180326_512_HMII.jpg,0
20151129_512_HMII.jpg,51
20171226_512_HMII.jpg,16
20220407_512_HMII.jpg,57
20230121_512_HMII.jpg,195
20230120_512_HMII.jpg,206
20170120_512_HMII.jpg,56
20130315_512_HMII.jpg,111
20180418_512_HMII.jpg,0
20150511_512_HMII.jpg,163
20121105_512_HMII.jpg,51
20160505_512_HMII.jpg,60
20200327_512_HMII.jpg,0
20190316_512_HMII.jpg,0
20220827_512_HMII.jpg,94
20161222_512_HMII.jpg,16
20160508_512_HMII.jpg,44
20230625_512_HMII.jpg,204
20150516_512_HMII.jpg,103
20240303_512_HMII.jpg,102
20130913_512_HMII.jpg,37
20160629_512_HMII.jpg,0
20180409_512_HMII.jpg,0
20110402_512_HMII.jpg,63
20191216_512_HMII.jpg,0
20140708_512_HMII.jpg,183
20211009_512_HMII.jpg,23
20170202_512_HMII.jpg,47
20150613_512_HMII.jpg,97
20160701_512_HMII.jpg,0
20111018_512_HMII.jpg,156
20130207_512_HMII.jpg,62
20180511_512_HMII.jpg,11
20170204_512_HMII.jpg,20
20181009_512_HMII.jpg,0
20220417_512_HMII.jpg,86
20201113_512_HMII.jpg,26
20110723_512_HMII.jpg,43
20200704_512_HMII.jpg,7
20210105_512_HMII.jpg,0
20110804_512_HMII.jpg,92
20230418_512_HMII.jpg,135
20191016_512_HMII.jpg,0
20230629_512_HMII.jpg,111
20111129_512_HMII.jpg,135
20231110_512_HMII.jpg,94
20121209_512_HMII.jpg,42
20110403_512_HMII.jpg,60
20130122_512_HMII.jpg,55
20230518_512_HMII.jpg,120
20180816_512_HMII.jpg,13
20240404_512_HMII.jpg,49
20220204_512_HMII.jpg,100
20210801_512_HMII.jpg,8
20150623_512_HMII.jpg,45
20160123_512_HMII.jpg,63
20151230_512_HMII.jpg,37
20220124_512_HMII.jpg,33
20240412_512_HMII.jpg,87
20180309_512_HMII.jpg,0
20120124_512_HMII.jpg,86
20141124_512_HMII.jpg,103
20161026_512_HMII.jpg,25
20130704_512_HMII.jpg,121
20180205_512_HMII.jpg,13
20170904_512_HMII.jpg,112
20110624_512_HMII.jpg,65
20140515_512_HMII.jpg,156
20150629_512_HMII.jpg,39
20180520_512_HMII.jpg,0
20230429_512_HMII.jpg,111
20230602_512_HMII.jpg,145
20110801_512_HMII.jpg,107
20150711_512_HMII.jpg,92
20240317_512_HMII.jpg,73
20130106_512_HMII.jpg,160
20190109_512_HMII.jpg,0
20200519_512_HMII.jpg,0
20151206_512_HMII.jpg,54
20170221_512_HMII.jpg,27
20170526_512_HMII.jpg,25
20110604_512_HMII.jpg,115
20200111_512_HMII.jpg,0
20141121_512_HMII.jpg,75
20190815_512_HMII.jpg,0
20141003_512_HMII.jpg,117
20141102_512_HMII.jpg,98
20190616_512_HMII.jpg,0
20171121_512_HMII.jpg,0
20190117_512_HMII.jpg,0
20220702_512_HMII.jpg,64
20120602_512_HMII.jpg,151
20230215_512_HMII.jpg,121
20230319_512_HMII.jpg,73
20140916_512_HMII.jpg,114
20121003_512_HMII.jpg,63
20240108_512_HMII.jpg,162
20160521_512_HMII.jpg,18
20110529_512_HMII.jpg,98
20130615_512_HMII.jpg,95
20160922_512_HMII.jpg,36
20180224_512_HMII.jpg,0
20180723_512_HMII.jpg,0
20211210_512_HMII.jpg,0
20200601_512_HMII.jpg,6
20140115_512_HMII.jpg,93
20220518_512_HMII.jpg,131
20180122_512_HMII.jpg,0
20170814_512_HMII.jpg,13
20101227_512_HMII.jpg,17
20210202_512_HMII.jpg,9
20230202_512_HMII.jpg,58
20170816_512_HMII.jpg,33
20130421_512_HMII.jpg,93
20200218_512_HMII.jpg,0
20151126_512_HMII.jpg,65
20180424_512_HMII.jpg,21
20181002_512_HMII.jpg,14
20220422_512_HMII.jpg,111
20110302_512_HMII.jpg,56
20140911_512_HMII.jpg,160
20230502_512_HMII.jpg,123
20240227_512_HMII.jpg,120
20130609_512_HMII.jpg,35
20170808_512_HMII.jpg,13
20220301_512_HMII.jpg,72
20200715_512_HMII.jpg,2
20200805_512_HMII.jpg,12
20180617_512_HMII.jpg,14
20200123_512_HMII.jpg,0
20191121_512_HMII.jpg,0
20190612_512_HMII.jpg,0
20110509_512_HMII.jpg,84
20230526_512_HMII.jpg,145
20180105_512_HMII.jpg,11
20211228_512_HMII.jpg,103
20100923_512_HMII.jpg,39
20140908_512_HMII.jpg,154
20200904_512_HMII.jpg,0
20170420_512_HMII.jpg,28
20120215_512_HMII.jpg,54
20180705_512_HMII.jpg,0
20210919_512_HMII.jpg,13
20230328_512_HMII.jpg,148
20130909_512_HMII.jpg,13
20210611_512_HMII.jpg,19
20190107_512_HMII.jpg,0
20121022_512_HMII.jpg,85
20130218_512_HMII.jpg,109
20170908_512_HMII.jpg,88
20220906_512_HMII.jpg,75
20171015_512_HMII.jpg,0
20190103_512_HMII.jpg,15
20140501_512_HMII.jpg,88
20170328_512_HMII.jpg,57
20150918_512_HMII.jpg,71
20110625_512_HMII.jpg,50
20160624_512_HMII.jpg,12
20190314_512_HMII.jpg,12
20230605_512_HMII.jpg,158
20110523_512_HMII.jpg,31
20120530_512_HMII.jpg,73
20220203_512_HMII.jpg,80
20221225_512_HMII.jpg,105
20240330_512_HMII.jpg,51
20140426_512_HMII.jpg,45
20181208_512_HMII.jpg,5
20170212_512_HMII.jpg,21
20131019_512_HMII.jpg,130
20130513_512_HMII.jpg,153
20191014_512_HMII.jpg,0
20210715_512_HMII.jpg,22
20181227_512_HMII.jpg,0
20170314_512_HMII.jpg,0
20231104_512_HMII.jpg,92
20121213_512_HMII.jpg,72
20150501_512_HMII.jpg,19
20210418_512_HMII.jpg,18
20190602_512_HMII.jpg,0
20130723_512_HMII.jpg,80
20240118_512_HMII.jpg,130
20150427_512_HMII.jpg,47
20110821_512_HMII.jpg,73
20150911_512_HMII.jpg,81
20150605_512_HMII.jpg,90
20160125_512_HMII.jpg,67
20141215_512_HMII.jpg,166
20140310_512_HMII.jpg,113
20190527_512_HMII.jpg,0
20100904_512_HMII.jpg,58
20200619_512_HMII.jpg,0
20110602_512_HMII.jpg,135
20150505_512_HMII.jpg,104
20150728_512_HMII.jpg,62
20120513_512_HMII.jpg,105
20111023_512_HMII.jpg,134
20170129_512_HMII.jpg,34
20200526_512_HMII.jpg,0
20221024_512_HMII.jpg,54
20240519_512_HMII.jpg,181
20221207_512_HMII.jpg,127
20111120_512_HMII.jpg,137
20160622_512_HMII.jpg,23
20231029_512_HMII.jpg,58
20200918_512_HMII.jpg,0
20170316_512_HMII.jpg,0
20160912_512_HMII.jpg,59
20140720_512_HMII.jpg,35
20200605_512_HMII.jpg,13
20231011_512_HMII.jpg,145
20170330_512_HMII.jpg,49
20191001_512_HMII.jpg,6
20190826_512_HMII.jpg,0
20131108_512_HMII.jpg,142
20220214_512_HMII.jpg,63
20190401_512_HMII.jpg,14
20170630_512_HMII.jpg,11
20181106_512_HMII.jpg,0
20230724_512_HMII.jpg,140
20110210_512_HMII.jpg,34
20191228_512_HMII.jpg,0
20160730_512_HMII.jpg,21
20110905_512_HMII.jpg,114
20230303_512_HMII.jpg,119
20170131_512_HMII.jpg,36
20120515_512_HMII.jpg,122
20150730_512_HMII.jpg,76
20111104_512_HMII.jpg,99
20130504_512_HMII.jpg,122
20140113_512_HMII.jpg,117
20190711_512_HMII.jpg,0
20120430_512_HMII.jpg,104
20170813_512_HMII.jpg,12
20161213_512_HMII.jpg,14
20110115_512_HMII.jpg,12
20131225_512_HMII.jpg,96
20110924_512_HMII.jpg,116
20141104_512_HMII.jpg,109
20201126_512_HMII.jpg,58
20160517_512_HMII.jpg,38
20120402_512_HMII.jpg,79
20130719_512_HMII.jpg,85
20230717_512_HMII.jpg,159
20140504_512_HMII.jpg,127
20111118_512_HMII.jpg,132
20170425_512_HMII.jpg,41
20111218_512_HMII.jpg,100
20200624_512_HMII.jpg,0
20220822_512_HMII.jpg,71
20180804_512_HMII.jpg,0
20220915_512_HMII.jpg,101
20170703_512_HMII.jpg,0
20160113_512_HMII.jpg,38
20141118_512_HMII.jpg,77
20140528_512_HMII.jpg,70
20130213_512_HMII.jpg,38
20130730_512_HMII.jpg,89
20170626_512_HMII.jpg,21
20200513_512_HMII.jpg,0
20170123_512_HMII.jpg,57
20240306_512_HMII.jpg,100
20190517_512_HMII.jpg,13
20200414_512_HMII.jpg,0
20171006_512_HMII.jpg,23
20210107_512_HMII.jpg,0
20161218_512_HMII.jpg,27
20210328_512_HMII.jpg,12
20140604_512_HMII.jpg,64
20240503_512_HMII.jpg,160
20150729_512_HMII.jpg,67
20121119_512_HMII.jpg,121
20101120_512_HMII.jpg,32
20190811_512_HMII.jpg,0
20180430_512_HMII.jpg,0
20140729_512_HMII.jpg,137
20170721_512_HMII.jpg,0
20170423_512_HMII.jpg,43
20160306_512_HMII.jpg,78
20101004_512_HMII.jpg,21
20141125_512_HMII.jpg,117
20220621_512_HMII.jpg,96
20121126_512_HMII.jpg,72
20210528_512_HMII.jpg,31
20150219_512_HMII.jpg,89
20200811_512_HMII.jpg,12
20240418_512_HMII.jpg,224
20190204_512_HMII.jpg,0
20151007_512_HMII.jpg,33
20190713_512_HMII.jpg,0
20220516_512_HMII.jpg,149
20110127_512_HMII.jpg,20
20210827_512_HMII.jpg,71
20210219_512_HMII.jpg,9
20160203_512_HMII.jpg,83
20130529_512_HMII.jpg,72
20210426_512_HMII.jpg,50
20201226_512_HMII.jpg,35
20170110_512_HMII.jpg,0
20130813_512_HMII.jpg,108
20150107_512_HMII.jpg,103
20210903_512_HMII.jpg,26
20150807_512_HMII.jpg,112
20200121_512_HMII.jpg,0
20110603_512_HMII.jpg,130
20190512_512_HMII.jpg,26
20101126_512_HMII.jpg,14
20100826_512_HMII.jpg,23
20150316_512_HMII.jpg,46
20230413_512_HMII.jpg,150
20101109_512_HMII.jpg,30
20210521_512_HMII.jpg,14
20131231_512_HMII.jpg,136
20160605_512_HMII.jpg,0
20220829_512_HMII.jpg,70
20200221_512_HMII.jpg,0
20120327_512_HMII.jpg,84
20150220_512_HMII.jpg,64
20110527_512_HMII.jpg,63
20220917_512_HMII.jpg,86
20220806_512_HMII.jpg,72
20201218_512_HMII.jpg,7
20230301_512_HMII.jpg,93
20200114_512_HMII.jpg,0
20111114_512_HMII.jpg,164
20111212_512_HMII.jpg,76
20200516_512_HMII.jpg,0
20140318_512_HMII.jpg,136
20141227_512_HMII.jpg,91
20170408_512_HMII.jpg,0
20240511_512_HMII.jpg,173
20121118_512_HMII.jpg,132
20160607_512_HMII.jpg,12
20220121_512_HMII.jpg,23
20210620_512_HMII.jpg,14
20220609_512_HMII.jpg,21
20120926_512_HMII.jpg,145
20170211_512_HMII.jpg,23
20191030_512_HMII.jpg,0
20191103_512_HMII.jpg,0
20170912_512_HMII.jpg,11
20150326_512_HMII.jpg,105
20130220_512_HMII.jpg,107
20100921_512_HMII.jpg,38
20111005_512_HMII.jpg,100
20120427_512_HMII.jpg,106
20110710_512_HMII.jpg,59
20110902_512_HMII.jpg,136
20170310_512_HMII.jpg,0
20200802_512_HMII.jpg,15
20140617_512_HMII.jpg,95
20200719_512_HMII.jpg,0
20210214_512_HMII.jpg,0
20200710_512_HMII.jpg,0
20140627_512_HMII.jpg,67
20190609_512_HMII.jpg,0
20200503_512_HMII.jpg,0
20160112_512_HMII.jpg,40
20240525_512_HMII.jpg,112
20150312_512_HMII.jpg,56
20171201_512_HMII.jpg,0
20111228_512_HMII.jpg,109
20171117_512_HMII.jpg,25
20180419_512_HMII.jpg,13
20140817_512_HMII.jpg,116
20201111_512_HMII.jpg,29
20230715_512_HMII.jpg,127
20130204_512_HMII.jpg,38
20161211_512_HMII.jpg,0
20140307_512_HMII.jpg,134
20140506_512_HMII.jpg,148
20191009_512_HMII.jpg,0
20200604_512_HMII.jpg,11
20140928_512_HMII.jpg,193
20191019_512_HMII.jpg,0
20160919_512_HMII.jpg,63
20210302_512_HMII.jpg,16
20130603_512_HMII.jpg,64
20120423_512_HMII.jpg,138
20230622_512_HMII.jpg,240
20130915_512_HMII.jpg,13
20190210_512_HMII.jpg,0
20200830_512_HMII.jpg,0
20190513_512_HMII.jpg,24
20220403_512_HMII.jpg,118
20230314_512_HMII.jpg,115
20240210_512_HMII.jpg,151
20220401_512_HMII.jpg,130
20230810_512_HMII.jpg,109
20130912_512_HMII.jpg,52
20220614_512_HMII.jpg,123
20120415_512_HMII.jpg,90
20170821_512_HMII.jpg,63
20110511_512_HMII.jpg,66
20120622_512_HMII.jpg,16
20111213_512_HMII.jpg,81
20111208_512_HMII.jpg,159
20170107_512_HMII.jpg,0
20230519_512_HMII.jpg,142
20120703_512_HMII.jpg,125
20210828_512_HMII.jpg,75
20140204_512_HMII.jpg,144
20211220_512_HMII.jpg,121
20170926_512_HMII.jpg,39
20170512_512_HMII.jpg,15
20130808_512_HMII.jpg,89
20171017_512_HMII.jpg,0
20140309_512_HMII.jpg,111
20240518_512_HMII.jpg,180
20151014_512_HMII.jpg,57
20230830_512_HMII.jpg,104
20120321_512_HMII.jpg,77
20140903_512_HMII.jpg,102
20220814_512_HMII.jpg,110
20210304_512_HMII.jpg,30
20161227_512_HMII.jpg,16
20190110_512_HMII.jpg,0
20170625_512_HMII.jpg,18
20200505_512_HMII.jpg,0
20150330_512_HMII.jpg,51
20180703_512_HMII.jpg,0
20210806_512_HMII.jpg,8
20211010_512_HMII.jpg,38
20181107_512_HMII.jpg,0
20180616_512_HMII.jpg,14
20151002_512_HMII.jpg,62
20171208_512_HMII.jpg,0
20140427_512_HMII.jpg,77
20230829_512_HMII.jpg,90
20200607_512_HMII.jpg,16
20200412_512_HMII.jpg,0
20170121_512_HMII.jpg,75
20211124_512_HMII.jpg,43
20130511_512_HMII.jpg,134
20140925_512_HMII.jpg,144
20191205_512_HMII.jpg,0
20140615_512_HMII.jpg,74
20220227_512_HMII.jpg,32
20151024_512_HMII.jpg,78
20200902_512_HMII.jpg,0
20120406_512_HMII.jpg,53
20220129_512_HMII.jpg,66
20210901_512_HMII.jpg,38
20150814_512_HMII.jpg,46
20240611_512_HMII.jpg,106
20191122_512_HMII.jpg,0
20191023_512_HMII.jpg,0
20230218_512_HMII.jpg,104
20130901_512_HMII.jpg,74
20140618_512_HMII.jpg,120
20120823_512_HMII.jpg,71
20150103_512_HMII.jpg,102
20220720_512_HMII.jpg,133
20110421_512_HMII.jpg,80
20191221_512_HMII.jpg,0
20131017_512_HMII.jpg,146
20150722_512_HMII.jpg,36
20210823_512_HMII.jpg,16
20170929_512_HMII.jpg,42
20210529_512_HMII.jpg,15
20201001_512_HMII.jpg,0
20191013_512_HMII.jpg,0
20181118_512_HMII.jpg,14
20201018_512_HMII.jpg,21
20181130_512_HMII.jpg,0
20141201_512_HMII.jpg,141
20230720_512_HMII.jpg,177
20130904_512_HMII.jpg,78
20210915_512_HMII.jpg,10
20140602_512_HMII.jpg,62
20140712_512_HMII.jpg,119
20121024_512_HMII.jpg,95
20140108_512_HMII.jpg,107
20101008_512_HMII.jpg,0
20120603_512_HMII.jpg,165
20210409_512_HMII.jpg,0
20171118_512_HMII.jpg,15
20210211_512_HMII.jpg,0
20240405_512_HMII.jpg,78
20200320_512_HMII.jpg,0
20130625_512_HMII.jpg,77
20200806_512_HMII.jpg,14
20161101_512_HMII.jpg,12
20160512_512_HMII.jpg,83
20210818_512_HMII.jpg,13
20240222_512_HMII.jpg,56
20200823_512_HMII.jpg,0
20141224_512_HMII.jpg,93
20160406_512_HMII.jpg,20
20211219_512_HMII.jpg,118
20160812_512_HMII.jpg,71
20130322_512_HMII.jpg,49
20200828_512_HMII.jpg,0
20230826_512_HMII.jpg,91
20191029_512_HMII.jpg,0
20170905_512_HMII.jpg,119
20140314_512_HMII.jpg,109
20201011_512_HMII.jpg,20
20121102_512_HMII.jpg,45
20170722_512_HMII.jpg,0
20170515_512_HMII.jpg,0
20121227_512_HMII.jpg,54
20210131_512_HMII.jpg,0
20231125_512_HMII.jpg,177
20121115_512_HMII.jpg,138
20140325_512_HMII.jpg,136
20201228_512_HMII.jpg,30
20180126_512_HMII.jpg,0
20161007_512_HMII.jpg,60
20230927_512_HMII.jpg,133
20230222_512_HMII.jpg,86
20210728_512_HMII.jpg,6
20210110_512_HMII.jpg,0
20110325_512_HMII.jpg,97
20210824_512_HMII.jpg,20
20131112_512_HMII.jpg,135
20140116_512_HMII.jpg,80
20170525_512_HMII.jpg,31
20101124_512_HMII.jpg,13
20210704_512_HMII.jpg,50
20180530_512_HMII.jpg,21
20150817_512_HMII.jpg,33
20230921_512_HMII.jpg,194
20110825_512_HMII.jpg,65
20201012_512_HMII.jpg,14
20100914_512_HMII.jpg,27
20211003_512_HMII.jpg,27
20130805_512_HMII.jpg,82
20140327_512_HMII.jpg,115
20160124_512_HMII.jpg,48
20120519_512_HMII.jpg,109
20220928_512_HMII.jpg,85
20120605_512_HMII.jpg,151
20190804_512_HMII.jpg,0
20200728_512_HMII.jpg,20
20131119_512_HMII.jpg,113
20190421_512_HMII.jpg,5
20200119_512_HMII.jpg,0
20191104_512_HMII.jpg,4
20171124_512_HMII.jpg,0
20180413_512_HMII.jpg,16
20181027_512_HMII.jpg,0
20100925_512_HMII.jpg,39
20181231_512_HMII.jpg,0
20201021_512_HMII.jpg,14
20181113_512_HMII.jpg,11
20221117_512_HMII.jpg,59
20131013_512_HMII.jpg,132
20130330_512_HMII.jpg,73
20190914_512_HMII.jpg,0
20140907_512_HMII.jpg,165
20150519_512_HMII.jpg,77
20201117_512_HMII.jpg,10
20220118_512_HMII.jpg,66
20190606_512_HMII.jpg,0
20191201_512_HMII.jpg,0
20181124_512_HMII.jpg,9
20170203_512_HMII.jpg,39
20231003_512_HMII.jpg,144
20220918_512_HMII.jpg,73
20171212_512_HMII.jpg,13
20230902_512_HMII.jpg,82
20230325_512_HMII.jpg,153
20200531_512_HMII.jpg,2
20200506_512_HMII.jpg,0
20180930_512_HMII.jpg,15
20130221_512_HMII.jpg,78
20140819_512_HMII.jpg,93
20180722_512_HMII.jpg,0
20240602_512_HMII.jpg,205
20140613_512_HMII.jpg,182
20220211_512_HMII.jpg,75
20140625_512_HMII.jpg,55
20181108_512_HMII.jpg,5
20110116_512_HMII.jpg,20
20230208_512_HMII.jpg,125
20120330_512_HMII.jpg,94
20130602_512_HMII.jpg,77
20230614_512_HMII.jpg,117
20130411_512_HMII.jpg,126
20200313_512_HMII.jpg,0
20121125_512_HMII.jpg,84
20151231_512_HMII.jpg,22
20160510_512_HMII.jpg,76
20171206_512_HMII.jpg,13
20230620_512_HMII.jpg,206
20141023_512_HMII.jpg,132
20171026_512_HMII.jpg,23
20120805_512_HMII.jpg,123
20211101_512_HMII.jpg,51
20120914_512_HMII.jpg,52
20130606_512_HMII.jpg,76
20160806_512_HMII.jpg,39
20180618_512_HMII.jpg,29
20140703_512_HMII.jpg,167
20120225_512_HMII.jpg,48
20180908_512_HMII.jpg,16
20230113_512_HMII.jpg,178
20140918_512_HMII.jpg,82
20220911_512_HMII.jpg,128
20201128_512_HMII.jpg,86
20231226_512_HMII.jpg,110
20140702_512_HMII.jpg,145
20140619_512_HMII.jpg,95
20120314_512_HMII.jpg,85
20190610_512_HMII.jpg,0
20200606_512_HMII.jpg,16
20150630_512_HMII.jpg,41
20110225_512_HMII.jpg,13
20200303_512_HMII.jpg,0
20141126_512_HMII.jpg,139
20201124_512_HMII.jpg,44
20130926_512_HMII.jpg,54
20221010_512_HMII.jpg,120
20190908_512_HMII.jpg,0
20180427_512_HMII.jpg,14
20211016_512_HMII.jpg,11
20170407_512_HMII.jpg,23
20140419_512_HMII.jpg,178
20120616_512_HMII.jpg,106
20150812_512_HMII.jpg,66
20141028_512_HMII.jpg,101
20230522_512_HMII.jpg,136
20180905_512_HMII.jpg,0
20110706_512_HMII.jpg,34
20181210_512_HMII.jpg,0
20240123_512_HMII.jpg,148
20190729_512_HMII.jpg,0
20160414_512_HMII.jpg,46
20140412_512_HMII.jpg,73
20211208_512_HMII.jpg,6
20230712_512_HMII.jpg,196
20210109_512_HMII.jpg,0
20111002_512_HMII.jpg,118
20180625_512_HMII.jpg,16
20230409_512_HMII.jpg,60
20101112_512_HMII.jpg,48
20220505_512_HMII.jpg,78
20190809_512_HMII.jpg,0
20160212_512_HMII.jpg,63
20100906_512_HMII.jpg,29
20160403_512_HMII.jpg,12
20230822_512_HMII.jpg,114
20221219_512_HMII.jpg,113
20131117_512_HMII.jpg,192
20110630_512_HMII.jpg,49
20181128_512_HMII.jpg,0
20230827_512_HMII.jpg,84
20171211_512_HMII.jpg,13
20220710_512_HMII.jpg,107
20171120_512_HMII.jpg,0
20190130_512_HMII.jpg,11
20220723_512_HMII.jpg,97
20220510_512_HMII.jpg,57
20141103_512_HMII.jpg,112
20201201_512_HMII.jpg,56
20151109_512_HMII.jpg,66
20150323_512_HMII.jpg,99
20120618_512_HMII.jpg,57
20130506_512_HMII.jpg,108
20211001_512_HMII.jpg,38
20240616_512_HMII.jpg,151
20220106_512_HMII.jpg,34
20220312_512_HMII.jpg,91
20230128_512_HMII.jpg,85
20120501_512_HMII.jpg,96
20230516_512_HMII.jpg,106
20111111_512_HMII.jpg,162
20120925_512_HMII.jpg,136
20231204_512_HMII.jpg,113
20110906_512_HMII.jpg,89
20230326_512_HMII.jpg,154
20150518_512_HMII.jpg,101
20170906_512_HMII.jpg,100
20141123_512_HMII.jpg,78
20240311_512_HMII.jpg,74
20140904_512_HMII.jpg,120
20120223_512_HMII.jpg,55
20190315_512_HMII.jpg,0
20190907_512_HMII.jpg,0
20140220_512_HMII.jpg,133
20100819_512_HMII.jpg,15
20221215_512_HMII.jpg,141
20200608_512_HMII.jpg,16
20180214_512_HMII.jpg,20
20160713_512_HMII.jpg,53
20110612_512_HMII.jpg,17
20190201_512_HMII.jpg,0
20220913_512_HMII.jpg,118
20110520_512_HMII.jpg,35
20230817_512_HMII.jpg,145
20130309_512_HMII.jpg,81
20110831_512_HMII.jpg,125
20200929_512_HMII.jpg,0
20230426_512_HMII.jpg,97
20140224_512_HMII.jpg,153
20240316_512_HMII.jpg,62
20240208_512_HMII.jpg,161
20180527_512_HMII.jpg,33
20150926_512_HMII.jpg,162
20240401_512_HMII.jpg,31
20160405_512_HMII.jpg,33
20180315_512_HMII.jpg,0
20150714_512_HMII.jpg,43
20180602_512_HMII.jpg,21
20170206_512_HMII.jpg,13
20190108_512_HMII.jpg,0
20190709_512_HMII.jpg,0
20151111_512_HMII.jpg,61
20180212_512_HMII.jpg,25
20240628_512_HMII.jpg,179
20151112_512_HMII.jpg,60
20101020_512_HMII.jpg,51
20190105_512_HMII.jpg,11
20131004_512_HMII.jpg,79
20121111_512_HMII.jpg,108
20161028_512_HMII.jpg,37
20150503_512_HMII.jpg,44
20210512_512_HMII.jpg,33
20150126_512_HMII.jpg,109
20221026_512_HMII.jpg,83
20190925_512_HMII.jpg,0
20160318_512_HMII.jpg,47
20130328_512_HMII.jpg,47
20150715_512_HMII.jpg,43
20200122_512_HMII.jpg,0
20140223_512_HMII.jpg,158
20231128_512_HMII.jpg,150
20220411_512_HMII.jpg,11
20110707_512_HMII.jpg,38
20140823_512_HMII.jpg,150
20181003_512_HMII.jpg,12
20160616_512_HMII.jpg,28
20120228_512_HMII.jpg,39
20150414_512_HMII.jpg,105
20140707_512_HMII.jpg,197
20200131_512_HMII.jpg,12
20240116_512_HMII.jpg,134
20110815_512_HMII.jpg,12
20150129_512_HMII.jpg,146
20101230_512_HMII.jpg,14
20200914_512_HMII.jpg,2
20181103_512_HMII.jpg,0
20230929_512_HMII.jpg,103
20240419_512_HMII.jpg,242
20140428_512_HMII.jpg,80
20210603_512_HMII.jpg,31
20230531_512_HMII.jpg,177
20221103_512_HMII.jpg,78
20200820_512_HMII.jpg,12
20100828_512_HMII.jpg,12
20131014_512_HMII.jpg,128
20170509_512_HMII.jpg,0
20130911_512_HMII.jpg,60
20110125_512_HMII.jpg,28
20160111_512_HMII.jpg,47
20110605_512_HMII.jpg,80
20110608_512_HMII.jpg,45
20150320_512_HMII.jpg,20
20190714_512_HMII.jpg,0
20190323_512_HMII.jpg,22
20201208_512_HMII.jpg,14
20120305_512_HMII.jpg,108
20180303_512_HMII.jpg,0
20160824_512_HMII.jpg,49
20230116_512_HMII.jpg,190
20140403_512_HMII.jpg,133
20121220_512_HMII.jpg,56
20230617_512_HMII.jpg,130
20200208_512_HMII.jpg,0
20140630_512_HMII.jpg,132
20181224_512_HMII.jpg,0
20110717_512_HMII.jpg,93
20230716_512_HMII.jpg,166
20170902_512_HMII.jpg,56
20180310_512_HMII.jpg,0
20130605_512_HMII.jpg,79
20190911_512_HMII.jpg,0
20210712_512_HMII.jpg,23
20221027_512_HMII.jpg,86
20230123_512_HMII.jpg,162
20120410_512_HMII.jpg,16
20130821_512_HMII.jpg,146
20170719_512_HMII.jpg,0
20210607_512_HMII.jpg,49
20120208_512_HMII.jpg,13
20110615_512_HMII.jpg,52
20120325_512_HMII.jpg,89
20201103_512_HMII.jpg,16
20190529_512_HMII.jpg,7
20220329_512_HMII.jpg,142
20220328_512_HMII.jpg,137
20101202_512_HMII.jpg,36
20130404_512_HMII.jpg,93
20181207_512_HMII.jpg,18
20140408_512_HMII.jpg,117
20140130_512_HMII.jpg,99
20200308_512_HMII.jpg,16
20200708_512_HMII.jpg,0
20110922_512_HMII.jpg,109
20111024_512_HMII.jpg,130
20240407_512_HMII.jpg,83
20220111_512_HMII.jpg,51
20171126_512_HMII.jpg,17
20240609_512_HMII.jpg,154
20150703_512_HMII.jpg,88
20160810_512_HMII.jpg,77
20120122_512_HMII.jpg,109
20200205_512_HMII.jpg,0
20151012_512_HMII.jpg,53
20210928_512_HMII.jpg,57
20190910_512_HMII.jpg,0
20140128_512_HMII.jpg,77
20110504_512_HMII.jpg,76
20210523_512_HMII.jpg,27
20130610_512_HMII.jpg,26
20160620_512_HMII.jpg,36
20211224_512_HMII.jpg,118
20141105_512_HMII.jpg,137
20111229_512_HMII.jpg,112
20120728_512_HMII.jpg,107
20230127_512_HMII.jpg,86
20220522_512_HMII.jpg,162
20200525_512_HMII.jpg,0
20140207_512_HMII.jpg,147
20110830_512_HMII.jpg,90
20170620_512_HMII.jpg,31
20160120_512_HMII.jpg,62
20180709_512_HMII.jpg,0
20160328_512_HMII.jpg,30
20110715_512_HMII.jpg,82
20211204_512_HMII.jpg,19
20141202_512_HMII.jpg,125
20210802_512_HMII.jpg,13
20170619_512_HMII.jpg,27
20170909_512_HMII.jpg,62
20211024_512_HMII.jpg,40
20140713_512_HMII.jpg,86
20131102_512_HMII.jpg,101
20220613_512_HMII.jpg,94
20131114_512_HMII.jpg,173
20220721_512_HMII.jpg,110
20220701_512_HMII.jpg,58
20171123_512_HMII.jpg,0
20180227_512_HMII.jpg,15
20230310_512_HMII.jpg,148
20240608_512_HMII.jpg,173
20160925_512_HMII.jpg,30
20211225_512_HMII.jpg,114
20170819_512_HMII.jpg,50
20211123_512_HMII.jpg,33
20140825_512_HMII.jpg,116
20140831_512_HMII.jpg,82
20180317_512_HMII.jpg,14
20140608_512_HMII.jpg,142
20201202_512_HMII.jpg,48
20230228_512_HMII.jpg,91
20120930_512_HMII.jpg,99
20160220_512_HMII.jpg,52
20210120_512_HMII.jpg,21
20230925_512_HMII.jpg,169
20210913_512_HMII.jpg,33
20180822_512_HMII.jpg,12
20201222_512_HMII.jpg,12
20171025_512_HMII.jpg,23
20221121_512_HMII.jpg,77
20200612_512_HMII.jpg,11
20210908_512_HMII.jpg,97
20150606_512_HMII.jpg,109
20131226_512_HMII.jpg,103
20221101_512_HMII.jpg,85
20141122_512_HMII.jpg,84
20170612_512_HMII.jpg,0
20200908_512_HMII.jpg,0
20210825_512_HMII.jpg,36
20220802_512_HMII.jpg,33
20170925_512_HMII.jpg,36
20160420_512_HMII.jpg,25
20230406_512_HMII.jpg,49
20150502_512_HMII.jpg,34
20111224_512_HMII.jpg,84
20230705_512_HMII.jpg,135
20180912_512_HMII.jpg,14
20120523_512_HMII.jpg,77
20140709_512_HMII.jpg,162
20190930_512_HMII.jpg,0
20121010_512_HMII.jpg,76
20200219_512_HMII.jpg,0
20201220_512_HMII.jpg,0
20181202_512_HMII.jpg,0
20230908_512_HMII.jpg,117
20200220_512_HMII.jpg,0
20181104_512_HMII.jpg,0
20221029_512_HMII.jpg,87
20171004_512_HMII.jpg,27
20180706_512_HMII.jpg,0
20120810_512_HMII.jpg,131
20170927_512_HMII.jpg,37
20161029_512_HMII.jpg,23
20230428_512_HMII.jpg,111
20170403_512_HMII.jpg,100
20210708_512_HMII.jpg,16
20140212_512_HMII.jpg,161
20120203_512_HMII.jpg,35
20221211_512_HMII.jpg,140
20120910_512_HMII.jpg,70
20140311_512_HMII.jpg,111
20110818_512_HMII.jpg,59
20130507_512_HMII.jpg,116
20110820_512_HMII.jpg,59
20120221_512_HMII.jpg,59
20210216_512_HMII.jpg,0
20190904_512_HMII.jpg,0
20170312_512_HMII.jpg,0
20130814_512_HMII.jpg,108
20160706_512_HMII.jpg,13
20190916_512_HMII.jpg,0
20160531_512_HMII.jpg,36
20170225_512_HMII.jpg,32
20171007_512_HMII.jpg,11
20180626_512_HMII.jpg,14
20150517_512_HMII.jpg,89
20171024_512_HMII.jpg,23
20150608_512_HMII.jpg,112
20120525_512_HMII.jpg,94
20201112_512_HMII.jpg,32
20140723_512_HMII.jpg,65
20140612_512_HMII.jpg,197
20120505_512_HMII.jpg,88
20180819_512_HMII.jpg,14
20190309_512_HMII.jpg,11
20140507_512_HMII.jpg,120
20200107_512_HMII.jpg,4
20200911_512_HMII.jpg,0
20120610_512_HMII.jpg,121
20180603_512_HMII.jpg,13
20171011_512_HMII.jpg,0
20141207_512_HMII.jpg,57
20180213_512_HMII.jpg,23
20120413_512_HMII.jpg,54
20150923_512_HMII.jpg,96
20210414_512_HMII.jpg,21
20140421_512_HMII.jpg,150
20210929_512_HMII.jpg,70
20220325_512_HMII.jpg,51
20151225_512_HMII.jpg,76
20190909_512_HMII.jpg,0
20240524_512_HMII.jpg,142
20230331_512_HMII.jpg,75
20211127_512_HMII.jpg,41
20131020_512_HMII.jpg,114
20210210_512_HMII.jpg,0
20201123_512_HMII.jpg,48
20171101_512_HMII.jpg,0
20240523_512_HMII.jpg,143
20210927_512_HMII.jpg,50
20150701_512_HMII.jpg,54
20210918_512_HMII.jpg,0
20131030_512_HMII.jpg,146
20200630_512_HMII.jpg,0
20200207_512_HMII.jpg,0
20240521_512_HMII.jpg,177
20200422_512_HMII.jpg,0
20140502_512_HMII.jpg,115
20240111_512_HMII.jpg,186
20200901_512_HMII.jpg,0
20160820_512_HMII.jpg,16
20141217_512_HMII.jpg,178
20110713_512_HMII.jpg,68
20140106_512_HMII.jpg,167
20161220_512_HMII.jpg,22
20110326_512_HMII.jpg,101
20191119_512_HMII.jpg,0
20201107_512_HMII.jpg,38
20200807_512_HMII.jpg,17
20190124_512_HMII.jpg,21
20221107_512_HMII.jpg,100
20130306_512_HMII.jpg,77
20150805_512_HMII.jpg,94
20181017_512_HMII.jpg,11
20211218_512_HMII.jpg,109
20140226_512_HMII.jpg,207
20220409_512_HMII.jpg,38
20240122_512_HMII.jpg,166
20240627_512_HMII.jpg,174
20130708_512_HMII.jpg,122
20150610_512_HMII.jpg,93
20180726_512_HMII.jpg,0
20220130_512_HMII.jpg,83
20161010_512_HMII.jpg,66
20170731_512_HMII.jpg,0
20141129_512_HMII.jpg,157
20200102_512_HMII.jpg,12
20190701_512_HMII.jpg,5
20190213_512_HMII.jpg,12
20210720_512_HMII.jpg,46
20110816_512_HMII.jpg,31
20200223_512_HMII.jpg,0
20161011_512_HMII.jpg,63
20140317_512_HMII.jpg,126
20111124_512_HMII.jpg,131
20240507_512_HMII.jpg,192
20190611_512_HMII.jpg,0
20190215_512_HMII.jpg,0
20130215_512_HMII.jpg,45
20170504_512_HMII.jpg,17
20160805_512_HMII.jpg,38
20131016_512_HMII.jpg,119
20130816_512_HMII.jpg,96
20220224_512_HMII.jpg,32
20110726_512_HMII.jpg,43
20150718_512_HMII.jpg,58
20200729_512_HMII.jpg,21
20110223_512_HMII.jpg,31
20211226_512_HMII.jpg,95
20140714_512_HMII.jpg,62
20191222_512_HMII.jpg,0
20200104_512_HMII.jpg,12
20220418_512_HMII.jpg,100
20170304_512_HMII.jpg,0
20140530_512_HMII.jpg,55
20180211_512_HMII.jpg,28
20190330_512_HMII.jpg,0
20210605_512_HMII.jpg,38
20130802_512_HMII.jpg,114
20201003_512_HMII.jpg,0
20200515_512_HMII.jpg,0
20220314_512_HMII.jpg,84
20140914_512_HMII.jpg,104
20140813_512_HMII.jpg,79
20180729_512_HMII.jpg,0
20111122_512_HMII.jpg,138
20101021_512_HMII.jpg,36
20180322_512_HMII.jpg,0
